CRN,Course,Area of LLC,Days,Time,Location,Seats Still Available,STATUS
8960,ACCT 200,,MWF,1200-1250,FORBES 2074,0,0
8961,ACCT 200,,MWF,1400-1450,TRIB 208,3,1
8962,ACCT 201,,MWF,1400-1450,LUTR 170,14,1
8963,ACCT 201,,MWF,1000-1050,FORBES 3012,0,0
8964,ACCT 201,,MWF,1300-1350,LUTR 170,7,1
8965,ACCT 202,,TR,0930-1045,LUTR 242,0,0
8966,ACCT 202,,MWF,0900-0950,FORBES 3014,0,0
8967,ACCT 202,,MWF,1100-1150,LUTR 242,0,0
8968,ACCT 202,,MWF,1000-1050,LUTR 242,0,0
8969,ACCT 202,,TR,1100-1215,LUTR 242,0,0
8970,ACCT 301,,MWF,1000-1050,FERG 208,14,1
8971,ACCT 302,,MWF,1100-1150,FORBES 2070C,1,1
8974,ACCT 307,  WI,MWF,0900-0950,LUTR 347,0,0
9268,ACCT 307,  WI,MWF,0900-0950,LUTR 347,4,1
9199,ACCT 401,,TR,1330-1445,LUTR 242,0,0
8972,ACCT 404,,,,ARR ,0,0
8973,ACCT 552,,MW,1600-1715,LUTR 269,5,1
9207,ACCT 595,,MW,1800-1915,FORBES 2090,6,1
8372,AMST 100,  AIDE  ,MWF,1200-1250,MCM 257,0,0
8373,AMST 100,  AIDE  ,MWF,1300-1350,MCM 257,0,0
8374,AMST 100,  AIDE  ,MW,1600-1715,MCM 114,0,0
8375,AMST 100,  AIDE  ,MWF,1400-1450,MCM 160,0,0
8376,AMST 100,  AIDE  ,MWF,1500-1550,MCM 160,0,0
8377,AMST 100,  AIDE  ,MWF,0900-0950,TFAC 205,0,0
8378,AMST 100,  AIDE  ,MWF,1000-1050,TFAC 205,0,0
8379,AMST 120,  AIDE,TR,1100-1215,MCM 210,0,0
8380,AMST 120,  AIDE,TR,0930-1045,MCM 210,0,0
8381,AMST 120,  AIDE,TR,1630-1745,MCM 114,0,0
8382,AMST 200,  AIWT,MWF,1000-1050,MCM 310,0,0
8383,AMST 200,  AIWT,MWF,1100-1150,MCM 310,0,0
8384,AMST 300,  AIGM,TR,1930-2045,LUTR 131,0,0
8385,AMST 330,,TR,1330-1445,MCM 210,0,0
9141,AMST 395,,TR,1800-1915,LUTR 131,11,1
9167,AMST 395,,TR,1500-1615,MCM 114,0,0
8386,AMST 490,  WI,TR,1330-1445,MCM 300B,1,1
8724,ANTH 200,  AINW,TR,1330-1445,LUTR 170,0,0
8725,ANTH 200,  AINW,TR,1500-1615,LUTR 170,1,1
8726,ANTH 203,  AIGM,TR,1330-1445,LUTR 347,0,0
8727,ANTH 203,  AIGM,TR,1500-1615,LUTR 347,0,0
9158,ANTH 388,,TR,1330-1445,LUTR 157,0,0
9142,ANTH 395,,MWF,1400-1450,FORBES 3012,0,0
9053,ARAB 102,,MWF,1000-1050,TFAC 204,0,0
9054,ARAB 102,,MWF,1200-1250,MCM 312,0,0
9055,ARAB 202,  LLFL,MWF,1300-1350,MCM 312,6,1
9212,BASN 134,,,,ARR ,0,0
9213,BASN 232,,,,ARR ,0,0
8533,BCHM 410,,MWF,1100-1150,FORBES 2015,10,1
8534,BCHM 415,,MWF,0900-0950,FORBES 3012,20,1
8535,BCHM 415L,,T,1330-1720,FORBES 3048,8,1
8479,BIOL 108,  AINW,TR,1800-1915,FORBES 1022,0,0
8481,BIOL 109L,  AINW,M,1400-1550,FORBES 1027,0,0
8482,BIOL 109L,  AINW,M,1600-1750,FORBES 1027,1,1
8483,BIOL 109L,  AINW,M,1800-1950,FORBES 1027,0,0
8484,BIOL 109L,  AINW,T,1800-1950,FORBES 1027,0,0
8485,BIOL 109L,  AINW,R,1800-1950,FORBES 1027,1,1
8486,BIOL 109L,  AINW,M,2000-2150,FORBES 1027,0,0
8487,BIOL 109L,  AINW,T,2000-2150,FORBES 1027,0,0
8488,BIOL 109L,  AINW,R,2000-2150,FORBES 1027,0,0
8536,BIOL 113,  AINW,MW,1600-1715,FORBES 2070D,0,0
8480,BIOL 115,  AINW,MWF,1200-1250,FORBES 1022,0,0
8537,BIOL 211,,MWF,0800-0850,FORBES 2015,22,1
8538,BIOL 211,,MWF,0900-0950,FORBES 2070E,0,0
8540,BIOL 211,,TR,1100-1215,FORBES 2070D,0,0
8541,BIOL 211L,,M,1300-1650,FORBES 1009,0,0
8542,BIOL 211L,,T,0800-1150,FORBES 1009,16,1
8543,BIOL 211L,,W,1800-2150,FORBES 1009,1,1
8544,BIOL 211L,,T,1800-2150,FORBES 1009,0,0
8545,BIOL 211L,,W,1300-1650,FORBES 1009,14,1
8546,BIOL 211L,,T,1330-1720,FORBES 1009,0,0
8489,BIOL 212,,MWF,0800-0850,FORBES 1022,17,1
8490,BIOL 212,,TR,0930-1045,FORBES 2070E,0,0
8491,BIOL 212,,TR,1100-1215,FORBES 2070E,0,0
8492,BIOL 212L,,W,0900-1250,FORBES 1027,3,1
8493,BIOL 212L,,R,1330-1720,FORBES 1002,0,0
8494,BIOL 212L,,T,1330-1720,FORBES 1002,6,1
8495,BIOL 212L,,W,1330-1720,FORBES 1027,0,0
8496,BIOL 212L,,T,1330-1720,FORBES 1027,13,1
8497,BIOL 213,,MWF,0900-0950,FORBES 1033,0,0
8498,BIOL 213,,MWF,0900-0950,FORBES 1039,5,1
8499,BIOL 213,,MWF,1100-1150,FORBES 2070D,22,1
8500,BIOL 213,,MWF,1100-1150,FORBES 2070E,34,1
8501,BIOL 213L,,T,0800-1150,FORBES 1033,6,1
8502,BIOL 213L,,T,0800-1150,FORBES 1039,14,1
8503,BIOL 213L,,M,1300-1650,FORBES 1033,6,1
8504,BIOL 213L,,M,1300-1650,FORBES 1039,8,1
8505,BIOL 213L,,W,1300-1650,FORBES 1033,8,1
8506,BIOL 213L,,W,1300-1650,FORBES 1039,19,1
8547,BIOL 250,,MW,1800-1915,FORBES 1022,26,1
8548,BIOL 285,,TR,0930-1045,FORBES 2015,10,1
8549,BIOL 285L,,R,1330-1720,FORBES 2056,0,0
8550,BIOL 285L,,R,1800-2150,FORBES 2056,11,1
9143,BIOL 295,,MWF,1300-1350,FORBES 2070D,13,1
9177,BIOL 295,,W,1300-1350,TFAC 219,0,0
8551,BIOL 300,,TR,0800-0915,FORBES 2090,0,0
9174,BIOL 300L,,TR,1100-1215,FORBES 2090,8,1
8552,BIOL 301,,MWF,0900-0950,MCM 114,0,0
8553,BIOL 301L,,T,1330-1720,FORBES 1015,3,1
8554,BIOL 301L,,W,1300-1650,FORBES 1015,7,1
8555,BIOL 313,,TR,1800-1915,MCM 101,16,1
8556,BIOL 315,,TR,0930-1045,MCM 164,35,1
8557,BIOL 315,,TR,1100-1215,FORBES 2015,0,0
8558,BIOL 315L,,T,1330-1720,FORBES 2056,8,1
8559,BIOL 315L,,W,1300-1650,FORBES 2056,5,1
8560,BIOL 315L,,W,1800-2150,FORBES 2056,0,0
8561,BIOL 315L,,T,1800-2150,FORBES 2056,0,0
8563,BIOL 326,,MWF,1000-1050,FORBES 2070E,0,0
8507,BIOL 365,,TR,1100-1215,FORBES 1027,0,0
8508,BIOL 391,  WI,M,0900-0950,FORBES 2051,0,0
8567,BIOL 391,  WI,F,1100-1150,FORBES 1002,0,0
8568,BIOL 391,  WI,F,0900-0950,FORBES 2012,0,0
8569,BIOL 391,  WI,F,1000-1050,FORBES 1002,0,0
8509,BIOL 391,  WI,W,0900-0950,FORBES 2051,3,1
8510,BIOL 391,  WI,F,0900-0950,FORBES 2051,3,1
8511,BIOL 391,  WI,M,1000-1050,FORBES 2051,3,1
8512,BIOL 391,  WI,W,1000-1050,FORBES 2051,1,1
8513,BIOL 391,  WI,F,1000-1050,FORBES 2051,4,1
8564,BIOL 391,  WI,M,0900-0950,FORBES 2012,0,0
8565,BIOL 391,  WI,W,0900-0950,FORBES 2012,0,0
8566,BIOL 391,  WI,W,1000-1050,FORBES 1002,0,0
8514,BIOL 409,,MWF,1200-1250,FORBES 2043,0,0
8515,BIOL 409L,,R,1330-1720,FORBES 1039,0,0
8570,BIOL 412,,TR,0930-1045,FORBES 1015,3,1
8571,BIOL 412L,,M,1300-1650,FORBES 1015,3,1
8572,BIOL 424L,,,,ARR ,0,0
8573,BIOL 426,,MWF,0800-0850,FORBES 2070C,4,1
8574,BIOL 426L,,T,1330-1720,FORBES 1055,4,1
8516,BIOL 430,,MWF,1000-1050,FORBES 2043,0,0
8517,BIOL 435,,TR,0930-1045,FORBES 2051,4,1
8518,BIOL 435L,,T,1330-1720,FORBES 2051,4,1
8519,BIOL 440,,MWF,0800-0850,FORBES 2043,0,0
8520,BIOL 440L,,F,1300-1650,FORBES 2043,0,0
8575,BIOL 450,,MWF,1100-1150,FORBES 2074,13,1
8576,BIOL 450L,,M,1300-1650,FORBES 1002,0,0
8577,BIOL 450L,,F,1300-1650,FORBES 1002,13,1
8909,BIOL 480,,MWF,1000-1050,FORBES 1033,6,1
8521,BIOL 491,  WI,M,0900-0950,FORBES 2043,6,1
8581,BIOL 491,  WI,F,1300-1350,FORBES 1009,0,0
9271,BIOL 491,  WI,W,1100-1150,FORBES 2012,2,1
9272,BIOL 491,  WI,R,0800-0850,FORBES 2012,7,1
9273,BIOL 491,  WI,T,0800-0850,FORBES 2012,1,1
8522,BIOL 491,  WI,W,0900-0950,FORBES 2043,0,0
8523,BIOL 491,  WI,F,0900-0950,FORBES 2043,6,1
8524,BIOL 491,  WI,M,1100-1150,FORBES 2051,6,1
8525,BIOL 491,  WI,W,1100-1150,FORBES 2051,5,1
8526,BIOL 491,  WI,F,1100-1150,FORBES 2051,7,1
8578,BIOL 491,  WI,W,1700-1750,FORBES 1009,0,0
8579,BIOL 491,  WI,M,0900-0950,FORBES 1009,0,0
8580,BIOL 491,  WI,M,1000-1050,FORBES 1009,0,0
9276,BIOL 496,,,,ARR ,0,0
9277,BIOL 496,,,,ARR ,0,0
8976,BTMG 020,,,,ARR ,10,1
8977,BTMG 030,,,,ARR ,9,1
8978,BTMG 040,,,,ARR ,7,1
9175,BUSN 195,,MWF,1100-1150,LUTR 142,0,0
8979,BUSN 210,,TR,1800-1915,LUTR 242,0,0
8980,BUSN 231,,TR,1330-1445,LUTR 105,0,0
8981,BUSN 231,,TR,1500-1615,LUTR 105,0,0
8982,BUSN 231,,TR,1630-1745,LUTR 105,0,0
8983,BUSN 231,,MWF,0800-0850,LUTR 105,0,0
8985,BUSN 231,,MW,1930-2045,LUTR 123,3,1
8986,BUSN 251,,TR,1630-1745,TRIB 208,0,0
8987,BUSN 251,,TR,1800-1915,TRIB 208,0,0
8988,BUSN 251,,TR,1100-1215,LUTR 137,0,0
8989,BUSN 251,,TR,1330-1445,LUTR 137,0,0
8990,BUSN 251,,TR,1500-1615,LUTR 137,2,1
9019,BUSN 276L,,M,1800-1950,LUTR 105,6,1
9020,BUSN 276L,,R,1800-1950,LUTR 123,0,0
8991,BUSN 300,,MWF,1100-1150,LUTR 264,5,1
8992,BUSN 300,,MWF,1300-1350,FORBES 2074,16,1
8993,BUSN 300,,MWF,1000-1050,LUTR 264,3,1
8994,BUSN 303,,MWF,1000-1050,FORBES 2070D,0,0
8995,BUSN 303,,MWF,1400-1450,LUTR 269,18,1
8996,BUSN 303,,TR,1800-1915,LUTR 347,13,1
8997,BUSN 304,,TR,1100-1215,LUTR 105,0,0
8998,BUSN 304,,MWF,0800-0850,LUTR 109,21,1
8999,BUSN 304,,TR,0930-1045,LUTR 105,11,1
9000,BUSN 305,,TR,1800-1915,LUTR 105,0,0
9001,BUSN 305,,TR,1930-2045,LUTR 105,0,0
9002,BUSN 305,,MWF,1300-1350,LUTR 105,3,1
9003,BUSN 305,,MWF,1400-1450,LUTR 105,9,1
9005,BUSN 311,,TR,1500-1615,FORBES 3014,1,1
9006,BUSN 311,,MWF,1200-1250,LUTR 137,0,0
9007,BUSN 317,,MWF,0900-0950,FERG 207,7,1
9008,BUSN 317,,MWF,1000-1050,FERG 207,0,0
9009,BUSN 323,,TR,1500-1615,MCM 164,9,1
9010,BUSN 323,,TR,0930-1045,MCM 360,5,1
9011,BUSN 323,,MWF,0800-0850,LUTR 142,0,0
9202,BUSN 354,  WI,,,ARR ,0,0
9012,BUSN 418,,MWF,1100-1150,MCM 110,0,0
9013,BUSN 418,,MWF,1300-1350,LUTR 137,0,0
9015,BUSN 418,,MWF,1000-1050,LUTR 347,0,0
9016,BUSN 442,,TR,1330-1445,FERG 201,0,0
9017,BUSN 448,,TR,1800-1915,FORBES 3014,6,1
9018,BUSN 448,,TR,0800-0915,LUTR 347,0,0
9280,BUSN 499,,,,ARR ,0,0
9214,CELL 132,,,,ARR ,0,0
9215,CELL 332,,,,ARR ,0,0
8582,CHEM 104,  AINW,MWF,0800-0850,FORBES 2070E,19,1
8583,CHEM 104L,  AINW,M,1800-2100,FORBES 3002,0,0
8584,CHEM 121,  AINW,MWF,1300-1350,LUTR 121,0,0
8585,CHEM 121,  AINW,TR,0930-1045,FORBES 2070C,0,0
8586,CHEM 121L,  AINW,W,1800-2150,FORBES 3009,0,0
8587,CHEM 121L,  AINW,R,1800-2150,FORBES 3009,0,0
8588,CHEM 121L,  AINW,M,1800-2150,FORBES 3009,0,0
9168,CHEM 121L,  AINW,W,1800-2150,FORBES 3002,0,0
8589,CHEM 122,  AINW,TR,0930-1045,FORBES 2070D,0,0
8590,CHEM 122,  AINW,MWF,0900-0950,FORBES 1022,0,0
8591,CHEM 122,  AINW,MWF,1400-1450,FORBES 2015,12,1
8592,CHEM 122,  AINW,MWF,1100-1150,MCM 114,0,0
8593,CHEM 122,  AINW,MWF,1200-1250,FORBES 2070E,0,0
8594,CHEM 122,  AINW,MWF,1300-1350,FORBES 2015,10,1
8595,CHEM 122L,  AINW,W,1300-1650,FORBES 3002,4,1
8606,CHEM 122L,  AINW,F,1300-1650,FORBES 3009,14,1
8607,CHEM 122L,  AINW,R,0830-1220,FORBES 3002,0,0
8608,CHEM 122L,  AINW,R,1330-1720,FORBES 3002,0,0
8596,CHEM 122L,  AINW,W,1300-1650,FORBES 3009,19,1
8597,CHEM 122L,  AINW,T,1330-1720,FORBES 3009,0,0
8598,CHEM 122L,  AINW,T,1330-1720,FORBES 3002,0,0
8599,CHEM 122L,  AINW,R,1330-1720,FORBES 3009,0,0
8600,CHEM 122L,  AINW,M,1300-1650,FORBES 3002,11,1
8601,CHEM 122L,  AINW,M,1300-1650,FORBES 3009,11,1
8602,CHEM 122L,  AINW,T,0830-1220,FORBES 3002,6,1
8609,CHEM 222,,MWF,1000-1050,FORBES 1022,0,0
8610,CHEM 222,,MWF,1200-1250,FORBES 2015,0,0
8611,CHEM 222L,,T,0830-1220,FORBES 3052,2,1
8612,CHEM 222L,,W,1300-1650,FORBES 3052,0,0
8613,CHEM 222L,,R,1800-2150,FORBES 3052,0,0
8614,CHEM 222L,,R,1330-1720,FORBES 3052,0,0
8615,CHEM 222L,,R,0830-1220,FORBES 3052,11,1
8616,CHEM 222L,,W,1800-2150,FORBES 3052,3,1
8617,CHEM 222L,,T,1330-1720,FORBES 3052,0,0
8618,CHEM 342,,MWF,1000-1050,FORBES 3048,20,1
8619,CHEM 342L,,W,1330-1720,FORBES 3048,20,1
8620,CHEM 361,,MWF,1200-1250,LUTR 170,19,1
8621,CHEM 361L,,R,1330-1720,FORBES 3040,0,0
8622,CHEM 435,,TR,1100-1215,FORBES 3048,15,1
8623,CHEM 492,  WI,M,1300-1350,FORBES 3048,17,1
9172,CHEM 535,,TR,1100-1215,FORBES 3048,2,1
9056,CHIN 102,,MWF,1000-1050,FERG 201,8,1
9211,CHIN 202,  LLFL,MWF,1100-1150,FERG 207,5,1
9216,CLAR 132,,,,ARR ,0,0
9217,CLAR 234,,,,ARR ,0,0
9058,CLST 101,  AIWT,TR,1100-1215,MCM 357,0,0
9059,CLST 101,  AIWT,TR,1500-1615,MCM 160,0,0
9060,CLST 201,  AIWT,MWF,0900-0950,MCM 310,0,0
9065,CLST 211,  AIWT,MWF,1100-1150,MCM 164,0,0
9066,CLST 211,  AIWT,MWF,1200-1250,MCM 164,0,0
9061,CLST 313,  AIWT,MWF,1400-1450,MCM 314,0,0
9062,CLST 316,  AIGM,MWF,1000-1050,MCM 164,0,0
9063,CLST 413,  AIWT  WI,MWF,1400-1450,MCM 314,3,1
9064,CLST 416,  AIGM  WI,MWF,1000-1050,MCM 164,0,0
8002,COLL 150,,MW,1200-1250,MCM 262,29,1
8003,COLL 150,,MW,1400-1450,FORBES 2074,29,1
8004,COLL 150,,TR,1330-1420,LUTR 121,29,1
8006,COLL 150,,MW,1300-1350,FORBES 2070C,29,1
9140,COLL 150,,TR,1100-1150,FERG 208,0,0
8007,COLL 277,,,,ARR ,7,1
8008,COMM 201,,TR,1630-1745,LUTR 139,0,0
8009,COMM 201,,TR,1800-1915,LUTR 139,0,0
8010,COMM 201,,T,1930-2215,LUTR 139,0,0
8011,COMM 201,,W,1930-2215,LUTR 139,0,0
8012,COMM 201,,TR,1500-1615,MCM 200B,0,0
8013,COMM 201,,TR,1630-1745,MCM 200B,0,0
8014,COMM 211,,MWF,1100-1150,LUTR 121,24,1
8015,COMM 222,,MWF,0900-0950,LUTR 121,34,1
8016,COMM 232,  AICE,TR,1330-1445,MCM 110,0,0
9282,COMM 232,  AICE,TR,1500-1615,MCM 110,12,1
8017,COMM 239,  LLFR,MWF,1000-1050,LUTR 131,0,0
8018,COMM 239,  LLFR,MWF,1100-1150,LUTR 131,0,0
8019,COMM 239,  LLFR,M,1930-2215,LUTR 139,3,1
8020,COMM 239,  LLFR,MW,1800-1915,LUTR 137,0,0
8021,COMM 239,  LLFR,MW,1930-2045,LUTR 137,1,1
8022,COMM 249,,MWF,1400-1450,FORBES 2070C,0,0
8023,COMM 249,,TR,1630-1745,FORBES 2070C,16,1
8024,COMM 249,,TR,0930-1045,FORBES 2014,1,1
8025,COMM 291,,,,ARR ,0,0
8034,COMM 302,,TR,1330-1445,FORBES 3012,0,0
8035,COMM 302,,TR,1500-1615,FORBES 3012,0,0
8036,COMM 303,,MWF,1200-1250,LUTR 131,5,1
8037,COMM 304,,TR,1330-1445,LUTR 139,0,0
8038,COMM 304,,TR,1500-1615,LUTR 139,10,1
8028,COMM 305,  AIDE,TR,1100-1215,FORBES 2088,0,0
8029,COMM 305,  AIDE,TR,1500-1615,FORBES 2070C,7,1
8031,COMM 311,,MWF,1300-1350,LUTR 139,0,0
8032,COMM 311,,MWF,1400-1450,LUTR 139,0,0
8039,COMM 315,,TR,0930-1045,FORBES 3012,0,0
8033,COMM 321,  WI,MWF,1300-1350,LUTR 131,0,0
8040,COMM 322,,MWF,1200-1250,FORBES 3012,0,0
8042,COMM 330,,TR,1100-1215,TFAC 205,0,0
8043,COMM 357,,MWF,0900-0950,LUTR 142,0,0
8044,COMM 357,,MWF,1000-1050,LUTR 142,0,0
8045,COMM 357,,TR,1330-1445,MCM 360,0,0
8046,COMM 357,,W,1600-1915,LUTR 139,10,1
8047,COMM 360,,TR,0930-1045,LUTR 139,0,0
9163,COMM 395,,MWF,1300-1350,FORBES 3014,0,0
9164,COMM 395,,MWF,1400-1450,FORBES 3014,0,0
8048,COMM 405,,MWF,1200-1250,LUTR 139,7,1
8049,COMM 452,  WI,MWF,0900-0950,LUTR 139,0,0
8050,COMM 452,  WI,MWF,1000-1050,LUTR 139,0,0
8051,COMM 452,  WI,MWF,1100-1150,LUTR 139,0,0
8052,COMM 452,  WI,TR,1100-1215,LUTR 139,0,0
8053,COMM 452,  WI,TR,1100-1215,FORBES 2012,0,0
8054,COMM 491,,,,ARR ,0,0
9218,COMP 132,,,,ARR ,0,0
9219,COMP 132,,,,ARR ,0,0
9220,COMP 232,,,,ARR ,0,0
9221,COMP 332,,,,ARR ,0,0
9222,COMP 432,,,,ARR ,0,0
8780,CPEN 214,,TR,1330-1445,FORBES 2070A,0,0
8782,CPEN 315,,TR,0930-1045,LUTR 170,14,1
8783,CPEN 315L,,M,1800-2045,LUTR 206,12,1
8784,CPEN 315L,,M,1500-1745,LUTR 206,6,1
8785,CPEN 371,  WI,MW,1300-1350,LUTR 322,0,0
8787,CPEN 371,  WI,MW,1500-1550,LUTR 322,0,0
8788,CPEN 371,  WI,MW,1600-1650,LUTR 322,0,0
8789,CPEN 414,,TR,0800-0915,LUTR 170,14,1
8790,CPEN 422,,TR,1500-1615,LUTR 322,16,1
9260,CPEN 497,  WI,MWF,1100-1150,LUTR 322,1,1
8791,CPEN 498,,MWF,1100-1150,LUTR 322,7,1
8792,CPSC 110,  LLFR,MW,1800-1915,LUTR 258,0,0
8793,CPSC 110,  LLFR,MW,1930-2045,LUTR 258,0,0
8794,CPSC 110,  LLFR,MW,2100-2215,LUTR 258,42,1
8795,CPSC 110,  LLFR,MWF,1400-1450,LUTR 258,12,1
8796,CPSC 150,  LLFR,MWF,0900-0950,LUTR 236,0,0
8797,CPSC 150,  LLFR,MWF,1400-1450,LUTR 236,0,0
8798,CPSC 150,  LLFR,MWF,1300-1350,LUTR 236,0,0
8799,CPSC 150L,,T,1330-1515,LUTR 109,0,0
8800,CPSC 150L,,W,1600-1745,FORBES 2090,0,0
8801,CPSC 150L,,W,1930-2115,LUTR 323,0,0
8802,CPSC 215,,MWF,1400-1450,LUTR 109,0,0
8803,CPSC 215,,MWF,1500-1550,LUTR 109,0,0
8804,CPSC 215,,MW,1600-1715,LUTR 109,0,0
8805,CPSC 215,,MW,1800-1915,LUTR 109,0,0
8806,CPSC 215,,MW,1930-2045,LUTR 109,4,1
8807,CPSC 215,,MWF,1100-1150,LUTR 105,0,0
8808,CPSC 216,,MWF,1300-1350,LUTR 258,9,1
8809,CPSC 216,,MWF,1000-1050,LUTR 105,13,1
8810,CPSC 250,,TR,1630-1745,LUTR 236,0,0
8811,CPSC 250,,MWF,1100-1150,LUTR 236,0,0
8812,CPSC 250,,MW,1600-1715,LUTR 258,1,1
8813,CPSC 250,,MWF,1000-1050,LUTR 236,0,0
8814,CPSC 250,,TR,1800-1915,LUTR 236,6,1
8815,CPSC 250L,,R,1330-1515,LUTR 109,0,0
8816,CPSC 250L,,R,1800-1945,LUTR 109,0,0
8817,CPSC 250L,,W,1930-2115,FORBES 2090,0,0
8818,CPSC 250L,,R,2000-2145,LUTR 109,1,1
8819,CPSC 250L,,T,1800-1945,LUTR 258,0,0
8820,CPSC 255,,MWF,1000-1050,LUTR 109,12,1
8821,CPSC 255,,MWF,1100-1150,LUTR 109,0,0
8822,CPSC 270,,TR,0930-1045,LUTR 236,0,0
8823,CPSC 270,,TR,1100-1215,LUTR 236,0,0
8825,CPSC 280,,MWF,1000-1050,LUTR 258,0,0
8826,CPSC 280,,MWF,0900-0950,LUTR 258,11,1
8827,CPSC 327,,TR,1500-1615,LUTR 236,0,0
8828,CPSC 335,,MW,1800-1915,LUTR 376,0,0
8829,CPSC 351,,TR,0930-1045,LUTR 322,9,1
8830,CPSC 351,,TR,1630-1745,LUTR 258,9,1
8831,CPSC 360,,TR,0800-0915,LUTR 236,0,0
8832,CPSC 410,,TR,1100-1215,LUTR 258,5,1
8833,CPSC 410,,TR,0930-1045,LUTR 258,1,1
8834,CPSC 420,,MW,1600-1715,LUTR 236,0,0
8835,CPSC 420,,MW,1800-1915,LUTR 236,14,1
8836,CPSC 440,,MWF,1500-1550,LUTR 258,0,0
8837,CPSC 440,,MWF,1300-1350,LUTR 109,0,0
8838,CPSC 445,  WI,TR,1330-1445,LUTR 258,0,0
8839,CPSC 472,,MWF,1500-1550,LUTR 170,0,0
9156,CPSC 495,,MW,1600-1715,LUTR 142,0,0
8840,CPSC 498,,MWF,1100-1150,MCM 162,0,0
8841,CPSC 502,,MW,1600-1715,LUTR 142,2,1
8842,CPSC 521,,TR,0800-0915,LUTR 170,9,1
8730,CRIM 208,,MWF,1300-1350,LUTR 264,0,0
8731,CRIM 208,,MWF,1400-1450,LUTR 264,0,0
8732,CRIM 331,,TR,1800-1915,LUTR 264,0,0
8733,CRIM 338,,TR,1330-1445,MCM 216,0,0
8734,CRIM 354,,M,1800-2045,LUTR 264,0,0
8735,CRIM 357,,TR,1630-1745,LUTR 170,0,0
8736,CRIM 374,,TR,1500-1615,LUTR 142,0,0
8737,CRIM 390,  WI,TR,1100-1215,LUTR 167,0,0
9144,CRIM 395,,MWF,0800-0850,LUTR 170,0,0
9145,CRIM 395,,MWF,0900-0950,LUTR 170,0,0
9155,CRIM 395,,MWF,1400-1450,FORBES 3012,0,0
8738,CRIM 491,,,,ARR ,11,1
8843,CYBR 198,,W,1300-1350,LUTR 323,0,0
8844,CYBR 298,,W,1300-1350,LUTR 323,4,1
8845,CYBR 428,,TR,1500-1615,LUTR 323,0,0
8846,CYBR 429,,TR,1100-1215,LUTR 109,0,0
8847,CYBR 448,,TR,1800-1915,LUTR 323,11,1
9258,CYBR 495,,TR,1930-2045,LUTR 323,15,1
8848,CYBR 498,  WI,TR,1330-1445,LUTR 258,13,1
8188,DANC 204,  AICE,MW,1100-1215,FERG T177,0,0
8189,DANC 204,  AICE,MW,1300-1415,FERG T177,0,0
8190,DANC 205,  AICE,MW,0930-1045,FERG T177,0,0
8191,DANC 206,  AICE,TR,0930-1045,FERG T177,0,0
8192,DANC 206,  AICE,MW,1600-1715,FERG T177,1,1
8193,DANC 304,,TR,1330-1445,FERG T177,0,0
8194,DANC 306,,TR,1100-1215,FERG T177,12,1
8195,DANC 360,  AIGM,TR,1500-1615,FERG T177,0,0
8196,DANC 381,,,,ARR ,0,0
8197,DANC 430,,MW,1430-1545,FERG T177,9,1
8849,DATA 301,,MWF,0900-0950,LUTR 323,0,0
9265,DTAN 300,,TR,1100-1215,LUTR 170,2,1
8055,ECON 200,  LLFE,MWF,0900-0950,TRIB 1210,0,0
8056,ECON 200,  LLFE,MWF,1000-1050,TRIB 1210,0,0
8057,ECON 200,  LLFE,TR,1330-1445,FORBES 2014,0,0
8058,ECON 200,  LLFE,MWF,1300-1350,TRIB 1210,0,0
8059,ECON 200,  LLFE,M,1800-2045,LUTR 142,0,0
8060,ECON 200,  LLFE,W,1800-2045,LUTR 142,0,0
8061,ECON 200,  LLFE,T,1800-2045,LUTR 170,0,0
8062,ECON 200,  LLFE,R,1800-2045,LUTR 170,0,0
8063,ECON 200,  LLFE,M,1800-2045,LUTR 170,0,0
8064,ECON 201,  LLFE,MWF,1200-1250,LUTR 121,0,0
8065,ECON 201,  LLFE,MWF,1300-1350,LUTR 347,0,0
8066,ECON 201,  LLFE,MWF,1400-1450,LUTR 347,0,0
8067,ECON 201,  LLFE,T,1800-2045,LUTR 142,0,0
8068,ECON 201,  LLFE,R,1800-2045,LUTR 142,0,0
8069,ECON 202,  LLFE,TR,1500-1615,LUTR 121,0,0
8070,ECON 202,  LLFE,MWF,1400-1450,MCM 164,0,0
8071,ECON 202,  LLFE,MW,1600-1715,LUTR 121,0,0
8072,ECON 202,  LLFE,MWF,1500-1550,MCM 164,0,0
8073,ECON 300,,MW,1600-1715,LUTR 137,14,1
8074,ECON 301,,TR,0930-1045,FERG 201,0,0
8075,ECON 303,,MWF,0900-0950,LUTR 269,10,1
8076,ECON 303,,MWF,1000-1050,LUTR 269,0,0
8077,ECON 381,,TR,1100-1215,LUTR 170,0,0
8078,ECON 425,,TR,0930-1045,LUTR 269,5,1
8079,ECON 470,,MWF,1300-1350,MCM 101,1,1
8080,ECON 475,,MWF,1100-1150,TRIB 208,0,0
9266,ECON 480,,,,ARR ,0,0
8081,ECON 490,  WI,M,1800-2045,LUTR 131,0,0
8082,ECON 490,  WI,TR,1100-1215,LUTR 131,0,0
8083,ECON 490,  WI,TR,1500-1615,LUTR 131,0,0
8850,EENG 221,,MWF,1000-1050,LUTR 206,11,1
8851,EENG 311,,TR,1330-1445,LUTR 206,7,1
8852,EENG 311L,,W,1500-1745,LUTR 206,7,1
8853,EENG 421,,TR,1100-1215,LUTR 206,11,1
8854,EENG 461,,MWF,1300-1350,LUTR 206,14,1
9157,EENG 495,,MWF,1400-1450,LUTR 206,9,1
9261,EENG 497,  WI,MWF,1100-1150,LUTR 322,2,1
8855,EENG 498,,MWF,1100-1150,LUTR 322,6,1
8084,ENGL 123,  LLFW,MWF,0900-0950,MCM 314,0,0
8094,ENGL 123,  LLFW,MWF,1200-1250,MCM 210,0,0
8095,ENGL 123,  LLFW,MWF,1000-1050,MCM 210,0,0
8096,ENGL 123,  LLFW,MWF,1000-1050,MCM 216,0,0
8097,ENGL 123,  LLFW,MWF,1100-1150,MCM 216,0,0
8098,ENGL 123,  LLFW,MWF,1000-1050,MCM 316,0,0
8099,ENGL 123,  LLFW,MWF,1300-1350,MCM 362,0,0
8100,ENGL 123,  LLFW,TR,1100-1215,MCM 212,0,0
8101,ENGL 123,  LLFW,TR,1330-1445,MCM 310,0,0
8085,ENGL 123,  LLFW,MWF,1000-1050,MCM 314,0,0
8103,ENGL 123,  LLFW,MWF,0900-0950,MCM 160,1,1
8104,ENGL 123,  LLFW,TR,1630-1745,MCM 312,0,0
8105,ENGL 123,  LLFW,TR,1800-1915,MCM 312,0,0
8106,ENGL 123,  LLFW,TR,1930-2045,MCM 312,0,0
9134,ENGL 123,  LLFW,TR,1630-1745,MCM 307,0,0
9185,ENGL 123,  LLFW,TR,1500-1615,MCM 216,0,0
9210,ENGL 123,  LLFW,MWF,1000-1050,MCM 360,0,0
9283,ENGL 123,  LLFW,TR,1500-1615,MCM 310,12,1
9284,ENGL 123,  LLFW,TR,1630-1745,MCM 212,18,1
8086,ENGL 123,  LLFW,TR,1100-1215,FORBES 3014,0,0
8089,ENGL 123,  LLFW,TR,1330-1445,MCM 212,0,0
8092,ENGL 123,  LLFW,TR,1100-1215,MCM 262,0,0
8107,ENGL 200,,TR,0930-1045,MCM 260,0,0
8108,ENGL 201,,MWF,1100-1150,MCM 316,0,0
8109,ENGL 202,,TR,1100-1215,MCM 366,0,0
8110,ENGL 210,,MWF,1000-1050,MCM 114,2,1
8111,ENGL 223,  LLFW,TR,1330-1445,MCM 207,0,0
8121,ENGL 223,  LLFW,TR,1500-1615,MCM 262,0,0
8122,ENGL 223,  LLFW,TR,1630-1745,MCM 262,0,0
8123,ENGL 223,  LLFW,MWF,1200-1250,MCM 366,0,0
8124,ENGL 223,  LLFW,MWF,1300-1350,MCM 366,0,0
8125,ENGL 223,  LLFW,TR,1100-1215,MCM 164,0,0
8127,ENGL 223,  LLFW,TR,1100-1215,MCM 216,0,0
8129,ENGL 223,  LLFW,MWF,1300-1350,TRIB 1213,0,0
8130,ENGL 223,  LLFW,TR,0930-1045,MCM 362,0,0
8112,ENGL 223,  LLFW,TR,1500-1615,MCM 207,0,0
9209,ENGL 223,  LLFW,TR,0930-1045,MCM 316,0,0
9286,ENGL 223,  LLFW,TR,1500-1615,MCM 362,15,1
8113,ENGL 223,  LLFW,MWF,1200-1250,MCM 314,0,0
8114,ENGL 223,  LLFW,MWF,1300-1350,MCM 314,0,0
8116,ENGL 223,  LLFW,MWF,1000-1050,MCM 357,0,0
8118,ENGL 223,  LLFW,MWF,1100-1150,MCM 357,0,0
8119,ENGL 223,  LLFW,TR,1500-1615,MCM 260,0,0
8120,ENGL 223,  LLFW,TR,0930-1045,MCM 366,0,0
8134,ENGL 304,  AICE  WI,TR,1330-1445,MCM 362,0,0
8135,ENGL 308,  WI,MWF,0900-0950,MCM 357,0,0
8136,ENGL 310,  AIGM,TR,0930-1045,MCM 262,10,1
8138,ENGL 315,,TR,1630-1745,MCM 216,0,0
8139,ENGL 316,,MW,1600-1715,MCM 212,0,0
8140,ENGL 326,  WI,TR,0930-1045,MCM 216,0,0
8141,ENGL 331,,TR,1330-1445,MCM 160,0,0
8142,ENGL 335,,TR,1330-1445,MCM 114,9,1
8143,ENGL 339,  WI,MWF,1500-1550,TRIB 1213,0,0
8144,ENGL 353,  WI,TR,0930-1045,MCM 314,0,0
8145,ENGL 353,  WI,TR,1100-1215,MCM 314,0,0
8146,ENGL 353,  WI,TR,1330-1445,MCM 260,0,0
8147,ENGL 353,  WI,MWF,1300-1350,MCM 260,0,0
8149,ENGL 356,  WI,M,1800-2045,MCM 164,0,0
8150,ENGL 423,,MWF,1300-1350,MCM 216,4,1
9178,ENGL 452,  WI,TR,0930-1045,TRIB 1210,0,0
8152,ENGL 462,,W,1800-2045,TRIB 1213,0,0
8153,ENGL 489,,MWF,1400-1450,MCM 262,15,1
8154,ENGL 490,  WI,TR,1630-1745,MCM 300B,0,0
8155,ENGL 491,,,,ARR ,0,0
8856,ENGR 121,,TR,1100-1215,LUTR 322,0,0
8857,ENGR 212,,MWF,0900-0950,FORBES 2070C,8,1
8858,ENGR 212L,,T,1800-2045,LUTR 206,0,0
8859,ENGR 212L,,W,1800-2045,LUTR 206,11,1
8860,ENGR 213,,MWF,0900-0950,LUTR 322,0,0
8861,ENGR 213,,MWF,1000-1050,LUTR 322,0,0
8527,ENVS 505,,M,1730-2020,FORBES 2012,7,1
8528,ENVS 525,,R,1730-2020,FORBES 2012,5,1
8529,ENVS 530,,MW,1400-1515,FORBES 2051,11,1
8628,ENVS 540,,MWF,1100-1150,FORBES 2074,4,1
8629,ENVS 540L,,M,1300-1650,FORBES 1002,4,1
8530,ENVS 555,,TR,0930-1045,FORBES 2051,2,1
8531,ENVS 555L,,T,1330-1720,FORBES 2051,2,1
9169,ENVS 699,,,,ARR ,2,1
9223,EUPH 132,,,,ARR ,0,0
9022,FINC 300,,MW,1730-1845,LUTR 123,10,1
9023,FINC 300,,MW,1600-1715,LUTR 123,0,0
9024,FINC 324,,TR,1330-1445,LUTR 123,11,1
9025,FINC 324,,TR,1630-1745,LUTR 123,0,0
9026,FINC 325,,TR,0930-1045,LUTR 123,0,0
9027,FINC 325,,TR,1330-1445,FORBES 2090,2,1
9028,FINC 424,,MWF,1100-1150,FERG 201,4,1
9029,FINC 424,,MWF,1300-1350,LUTR 269,3,1
9030,FINC 428,  WI,MWF,1000-1050,FERG 220,0,0
9031,FINC 428,  WI,MWF,0900-0950,FERG 220,4,1
9032,FINC 428,  WI,TR,0800-0915,LUTR 242,0,0
9033,FINC 524,,MW,1930-2045,LUTR 242,2,1
9034,FINC 525,,TR,1930-2045,SYN ,4,1
9035,FINC 552,,MW,1600-1715,LUTR 269,0,0
9036,FINC 591,,TR,1630-1745,LUTR 242,2,1
9208,FINC 595,,MW,1800-1915,FORBES 2090,3,1
9224,FLUT 132,,,,ARR ,0,0
9225,FLUT 234,,,,ARR ,0,0
9226,FLUT 334,,,,ARR ,0,0
8157,FNAR 117,,MW,1030-1250,TFAC 119,0,0
8158,FNAR 117,,MW,1800-2020,TFAC 119,0,0
8159,FNAR 118,,TR,1400-1620,TFAC 325,0,0
8160,FNAR 118,,TR,1800-2020,TFAC 325,0,0
8161,FNAR 121,,TR,1030-1250,TFAC 318,0,0
8162,FNAR 128,  AICE,MW,1030-1250,TFAC 228,0,0
8163,FNAR 201,  AICE,MWF,1000-1050,TFAC 102,0,0
8164,FNAR 201,  AICE,TR,1100-1215,TFAC 102,0,0
8166,FNAR 202,  AICE,MWF,1100-1150,TFAC 102,12,1
8167,FNAR 202,  AICE,MWF,1400-1450,TFAC 205,0,0
8168,FNAR 205,  AICE,TR,1400-1620,TFAC 219,0,0
8169,FNAR 224,,TR,0800-1020,TFAC 318,1,1
8170,FNAR 227,,TR,1400-1620,TFAC 217,0,0
8171,FNAR 241,  AICE,TR,1800-2020,TFAC 121,0,0
8172,FNAR 241,  AICE,TR,1400-1620,TFAC 121,0,0
8174,FNAR 252,,MW,1400-1620,TFAC 304,0,0
9176,FNAR 295,,W,1300-1350,TFAC 219,0,0
8175,FNAR 324,,TR,0800-1020,TFAC 318,1,1
8176,FNAR 327,,TR,1030-1250,TFAC 217,1,1
8177,FNAR 331,  AICE,MW,1030-1250,TFAC 219,0,0
8178,FNAR 335,,MW,0800-1020,TFAC 228,0,0
8179,FNAR 341,,TR,1800-2020,TFAC 121,0,0
8180,FNAR 352,,MW,1400-1620,TFAC 304,0,0
8181,FNAR 374,  AICE,MWF,1300-1350,TFAC 205,0,0
8182,FNAR 378,  AICE,TR,1500-1615,TFAC 102,0,0
8183,FNAR 403,  WI,TR,1330-1445,TFAC 205,4,1
8184,FNAR 488,,TR,1030-1250,TFAC 325,0,0
8185,FNAR 490,  WI,TR,0930-1045,TFAC 311,7,1
9263,FNAR 491,,,,ARR ,0,0
8186,FNAR 538,,W,1730-2015,TFAC 325,8,1
9067,FREN 102,,MWF,0800-0850,MCM 316,0,0
9068,FREN 102,,MWF,0900-0950,MCM 316,0,0
9069,FREN 200,  LLFL,MWF,1300-1350,MCM 212,0,0
9070,FREN 200,  LLFL,MWF,1200-1250,MCM 212,0,0
9072,FREN 202,  LLFL,MWF,1000-1050,FORBES 2088,4,1
9073,FREN 303,  LLFL,MWF,1200-1250,MCM 357,9,1
9074,FREN 352,  LLFL,MWF,1000-1050,MCM 257,11,1
8739,GEOG 210,,MWF,1100-1150,FORBES 2014,0,0
8740,GEOG 210,,MWF,1200-1250,FORBES 2014,0,0
8741,GEOG 211,  AINW,TR,0930-1045,LUTR 347,0,0
8742,GEOG 350,,MW,1500-1715,LUTR 157,0,0
9159,GEOG 388,,TR,1330-1445,LUTR 157,2,1
8743,GEOG 491,,,,ARR ,0,0
9075,GERM 102,,MWF,1300-1350,MCM 262,0,0
9076,GERM 102,,MWF,1100-1150,MCM 360,0,0
9077,GERM 202,  LLFL,MWF,0900-0950,MCM 360,3,1
9079,GERM 352,  LLFL,MWF,1200-1250,MCM 216,12,1
8911,HIST 111,  AIGM,MWF,1300-1350,MCM 307,0,0
8912,HIST 111,  AIGM,MWF,1400-1450,MCM 307,0,0
8913,HIST 111,  AIGM,TR,1500-1615,MCM 360,0,0
8914,HIST 111,  AIGM,TR,1630-1745,MCM 360,0,0
9173,HIST 111,  AIGM,W,1800-2100,MCM 101,3,1
8916,HIST 112,  AIGM,MWF,1000-1050,MCM 366,1,1
8917,HIST 112,  AIGM,MWF,1100-1150,MCM 160,0,0
8918,HIST 112,  AIGM,MWF,1200-1250,MCM 160,0,0
8919,HIST 112,  AIGM,TR,0930-1045,MCM 307,0,0
8920,HIST 112,  AIGM,TR,1100-1215,MCM 307,0,0
8921,HIST 112,  AIGM,TR,1500-1615,MCM 162,0,0
8922,HIST 121,  AIDE,MWF,0900-0950,MCM 162,0,0
8923,HIST 121,  AIDE,MWF,1000-1050,MCM 162,0,0
8924,HIST 121,  AIDE,MWF,1000-1050,MCM 362,0,0
8925,HIST 121,  AIDE,MWF,1100-1150,MCM 362,0,0
8926,HIST 121,  AIDE,MWF,1200-1250,MCM 362,0,0
8927,HIST 121,  AIDE,MW,1800-1915,MCM 207,0,0
8928,HIST 122,  AIWT,MWF,1200-1250,MCM 360,0,0
8929,HIST 122,  AIWT,MWF,1300-1350,MCM 360,0,0
8930,HIST 122,  AIWT,TR,0930-1045,MCM 310,0,0
8931,HIST 122,  AIWT,TR,1100-1215,MCM 310,0,0
8933,HIST 122,  AIWT,TR,1630-1745,MCM 362,0,0
8934,HIST 212,  AIGM,MWF,1100-1150,MCM 366,8,1
8935,HIST 213,  AIWT,TR,0930-1045,MCM 160,0,0
8936,HIST 213,  AIWT,TR,1630-1745,MCM 160,0,0
8937,HIST 216,  AIGM,TR,1330-1445,MCM 162,3,1
8938,HIST 217,  AIDE,MW,1600-1715,MCM 207,0,0
9279,HIST 299,,,,ARR ,0,0
8939,HIST 300,  WI,TR,1100-1215,MCM 316,3,1
8940,HIST 300,  WI,TR,1330-1445,MCM 200C,2,1
8941,HIST 301,,TR,1100-1215,MCM 160,0,0
8942,HIST 320,,MWF,1400-1450,MCM 362,0,0
8943,HIST 324,,MWF,1000-1050,MCM 312,0,0
8944,HIST 324,,MWF,1100-1150,MCM 312,0,0
8945,HIST 347,,MWF,1300-1350,MCM 114,0,0
8946,HIST 348,,F,1400-1700,MCM 310,7,1
8947,HIST 352,,MWF,0900-0950,MCM 366,0,0
8948,HIST 368,,TR,1630-1745,MCM 207,0,0
8949,HIST 380,,MW,1600-1715,MCM 366,0,0
8950,HIST 382,,TR,1330-1445,MCM 164,0,0
8951,HIST 397,,MWF,1400-1450,MCM 257,0,0
8953,HIST 446,,MWF,1200-1250,MCM 114,0,0
8954,HIST 479,,T,1800-2045,MCM 307,10,1
8955,HIST 490,  WI,T,1800-2045,MCM 207,0,0
8956,HIST 490,  WI,R,1800-2045,MCM 216,0,0
8957,HIST 491,,MWF,0800-0850,MCM 366,0,0
9204,HIST 495,,TR,1100-1215,MCM 362,0,0
8958,HIST 530,,M,1800-2045,MCM 366,9,1
8328,HONR 010,  HON,,,ARR ,1,1
8329,HONR 010,  HON,,,ARR ,21,1
8330,HONR 010,  HON,,,ARR ,32,1
8331,HONR 020,  HON,,,ARR ,0,0
8332,HONR 020,  HON,,,ARR ,19,1
8333,HONR 020,  HON,,,ARR ,10,1
8334,HONR 030,  HON,,,ARR ,5,1
8335,HONR 030,  HON,,,ARR ,20,1
8336,HONR 030,  HON,,,ARR ,27,1
8337,HONR 040,  HON,,,ARR ,34,1
8338,HONR 040,  HON,,,ARR ,43,1
8339,HONR 040,  HON,,,ARR ,44,1
8340,HONR 300,  HON,TR,1630-1745,TRIB 1210,1,1
8341,HONR 301,  HON,MWF,1000-1050,FORBES 2014,0,0
8342,HONR 319,  HON,MWF,1400-1450,MCM 357,0,0
8343,HONR 332,  HON,MW,1800-1915,MCM 160,0,0
8344,HONR 338,  HON,TR,0930-1045,MCM 357,0,0
8345,HONR 345,  HON,TR,1500-1615,FERG 207,8,1
8346,HONR 369,  HON,MWF,1100-1150,FORBES 3012,0,0
8347,HONR 381,  HON,,,ARR ,10,1
8348,HONR 382,  HON,,,ARR ,23,1
8349,HONR 382,  HON,,,ARR ,40,1
8350,HONR 382,  HON,,,ARR ,37,1
8351,HONR 383,  HON,,,ARR ,49,1
8353,HONR 388,  HON,TR,1500-1615,MCM 314,0,0
8354,HONR 389,  HON,TR,1630-1745,MCM 210,0,0
8355,HONR 391,  HON,TR,1500-1615,TRIB 208,0,0
9170,HONR 393,  HON,TR,0930-1045,FORBES 2088,0,0
8478,HONR 397,  HON,MWF,1100-1150,MCM 210,0,0
9198,HONR 398,  HON,TR,0930-1045,FORBES 2012,0,0
8357,HONR 484,  HON,,,ARR ,0,0
8358,HONR 484,  HON,,,ARR ,16,1
8359,HONR 484,  HON,,,ARR ,32,1
8360,HONR 490,  HON  WI,TR,1100-1215,MCM 200D,0,0
8361,HONR 490,  HON  WI,MW,1600-1715,TRIB 208,3,1
8362,HONR 490,  HON  WI,TR,1330-1445,TRIB 208,1,1
8363,HONR 490,  HON  WI,MW,1600-1715,FERG 207,0,0
9227,HORN 234,,,,ARR ,0,0
9093,IDST 205,  AIGM,MWF,1300-1350,FORBES 2014,3,1
8132,IDST 210,,TR,1630-1745,MCM 310,0,0
9259,IDST 210,,TR,1800-1915,MCM 310,0,0
8959,IDST 255,  AIGM,TR,1330-1445,MCM 257,0,0
9094,IDST 255,  AIGM,MWF,1100-1150,MCM 257,1,1
8133,IDST 270,,MWF,1400-1450,TRIB 1213,11,1
9135,IDST 270,,MWF,1100-1150,TRIB 1213,6,1
8187,IDST 377,,TR,1800-1915,TFAC 204,5,1
8327,IDST 480,,TR,1330-1445,MCM 262,8,1
8744,IDST 490,,TR,1330-1445,TRIB 1210,0,0
9228,IMPR 132,,,,ARR ,0,0
9080,ITAL 102,,TR,1100-1215,TFAC 204,0,0
9081,ITAL 102,,TR,1330-1445,MCM 357,2,1
9082,LATN 102,,MWF,1200-1250,MCM 162,0,0
9083,LATN 102,,MWF,1300-1350,MCM 162,2,1
9084,LATN 202,  LLFL,MWF,1300-1350,MCM 310,8,1
9085,LATN 306,  LLFL,MWF,1100-1150,MCM 200D,11,1
9086,LATN 406,  LLFL,MWF,1100-1150,MCM 200D,3,1
8387,LDSP 240,,TR,0800-0915,LUTR 137,0,0
8396,LDSP 240,,TR,1330-1445,MCM 312,0,0
8397,LDSP 240,,TR,1500-1615,MCM 312,0,0
8398,LDSP 240,,TR,1630-1745,LUTR 137,0,0
8399,LDSP 240,,TR,1800-1915,LUTR 137,0,0
8400,LDSP 240,,MWF,0800-0850,LUTR 242,0,0
8401,LDSP 240,,TR,0930-1045,TRIB 208,0,0
8388,LDSP 240,,TR,0930-1045,LUTR 137,0,0
8389,LDSP 240,,TR,1630-1745,LUTR 142,0,0
8390,LDSP 240,,MWF,0900-0950,MCM 210,0,0
8391,LDSP 240,,MWF,1100-1150,LUTR 347,0,0
8392,LDSP 240,,MWF,1200-1250,TRIB 208,0,0
8393,LDSP 240,,MWF,1300-1350,TRIB 208,2,1
8394,LDSP 240,,MWF,0900-0950,LUTR 242,0,0
8395,LDSP 240,,TR,1100-1215,MCM 114,0,0
8402,LDSP 250,,TR,1800-1915,LUTR 372,0,0
9165,LDSP 295,,TR,1100-1215,TRIB 208,0,0
8403,LDSP 330,AIGM,MWF,0900-0950,TRIB 208,0,0
8404,LDSP 330,AIGM,MWF,1000-1050,TRIB 208,0,0
8405,LDSP 338,,TR,0930-1045,LUTR 264,0,0
8406,LDSP 338,,TR,1100-1215,LUTR 264,1,1
8407,LDSP 338,,MW,1600-1715,LUTR 264,0,0
8408,LDSP 338,,MW,1800-1915,LUTR 269,0,0
9281,LDSP 359,,TR,1500-1615,FORBES 2012,5,1
8409,LDSP 370,,W,1800-2045,LUTR 347,0,0
8410,LDSP 380,,MW,1600-1715,LUTR 170,0,0
9166,LDSP 395,,TR,1500-1615,MCM 114,0,0
8411,LDSP 442,,TR,1330-1445,MCM 364,5,1
8412,LDSP 442,,TR,1500-1615,MCM 364,1,1
8413,LDSP 442,,MWF,0900-0950,MCM 364,0,0
8414,LDSP 442,,MWF,1000-1050,MCM 364,0,0
8415,LDSP 442,,MWF,1200-1250,LUTR 347,0,0
8416,LDSP 442,,MWF,1300-1350,MCM 207,0,0
8417,LDSP 442,,MWF,1400-1450,MCM 207,0,0
8418,LDSP 464,,MWF,1100-1150,MCM 200C,0,0
8420,MATH 109,,TR,1100-1215,LUTR 352,7,1
8421,MATH 109,,TR,1330-1445,LUTR 352,11,1
8422,MATH 115,  LLFM,MWF,0900-0950,LUTR 372,0,0
8423,MATH 115,  LLFM,MWF,1000-1050,LUTR 372,0,0
8424,MATH 115,  LLFM,TR,1330-1445,LUTR 372,0,0
8425,MATH 115,  LLFM,TR,1500-1615,LUTR 372,0,0
8426,MATH 120,  LLFM,TR,0800-0915,LUTR 264,0,0
8427,MATH 125,  LLFM,MWF,0800-0850,LUTR 372,0,0
8428,MATH 125,  LLFM,MWF,1100-1150,LUTR 372,0,0
8429,MATH 125,  LLFM,MWF,1200-1250,LUTR 372,0,0
8430,MATH 125,  LLFM,MW,1600-1715,FORBES 2070E,0,0
8431,MATH 125,  LLFM,MW,1600-1715,LUTR 372,0,0
8432,MATH 125,  LLFM,MW,1800-1915,LUTR 372,0,0
8433,MATH 125,  LLFM,TR,0930-1045,LUTR 372,0,0
8434,MATH 125,  LLFM,TR,1100-1215,LUTR 372,0,0
8436,MATH 127,  LLFM,MWF,1300-1350,LUTR 242,0,0
8437,MATH 128,  LLFM,TR,0930-1045,FERG 220,7,1
8438,MATH 130,  LLFM,MWF,0800-0850,FORBES 2070D,0,0
8439,MATH 130,  LLFM,MWF,0900-0950,FORBES 2070D,0,0
8440,MATH 130,  LLFM,MWF,1200-1250,LUTR 264,0,0
8442,MATH 130,  LLFM,TR,1500-1615,LUTR 376,0,0
8443,MATH 130,  LLFM,MW,1600-1715,LUTR 376,0,0
8444,MATH 131,  LLFM,MWF,1400-1450,LUTR 376,0,0
8445,MATH 132,  LLFM,MWF,1400-1450,LUTR 242,20,1
8446,MATH 135,  LLFM,MWF,1000-1050,LUTR 170,0,0
8447,MATH 135,  LLFM,MWF,1100-1150,LUTR 170,0,0
8448,MATH 135,  LLFM,TR,1330-1445,LUTR 264,0,0
8449,MATH 135,  LLFM,TR,1630-1745,LUTR 376,0,0
8451,MATH 140,  LLFM,MTWRF,0800-0850,LUTR 376,0,0
8452,MATH 140,  LLFM,MTWRF,1100-1150,LUTR 376,0,0
8453,MATH 140,  LLFM,MWF; TR,0900-0950; 0930-1020,LUTR 376; LUTR 376,0,0
8454,MATH 140,  LLFM,MWF; TR,1300-1350; 1330-1420,LUTR 376; LUTR 376,0,0
8455,MATH 235,  LLFM,MWF,1000-1050,LUTR 352,9,1
8456,MATH 235,  LLFM,TR,1100-1215,LUTR 347,0,0
8457,MATH 240,  LLFM,MW; F,0800-0915; 0800-0850,FORBES 2070A; FORBES 2070A,17,1
8458,MATH 240,  LLFM,MW; F,1200-1315; 1200-1250,FORBES 2070A; FORBES 2070A,5,1
8459,MATH 240,  LLFM,MW; F,1400-1515; 1400-1450,FORBES 2070A; FORBES 2070A,1,1
8460,MATH 240,  LLFM,TR,1500-1645,LUTR 264,13,1
8461,MATH 245,  LLFM,MWF,1300-1350,FORBES 3012,14,1
8462,MATH 247,  LLFM,MWF,1100-1150,FORBES 2070A,0,0
8463,MATH 247,  LLFM,TR,1330-1445,FORBES 3014,13,1
8464,MATH 250,  LLFM,MWF,1200-1250,LUTR 376,1,1
8465,MATH 260,  LLFM,MWF,1000-1050,LUTR 376,9,1
8466,MATH 301,  LLFM  WI,M,1300-1350,LUTR 352,2,1
8467,MATH 303,  LLFM  WI,F,1300-1350,LUTR 352,8,1
8468,MATH 345,  LLFM,MWF,0900-0950,LUTR 352,8,1
8469,MATH 347,  LLFM,TR,0930-1045,FERG 221,17,1
8470,MATH 350,  LLFM,MWF,1400-1450,LUTR 142,12,1
8471,MATH 360,  LLFM,MWF,0800-0850,LUTR 269,18,1
8472,MATH 375,  LLFM,MWF,1100-1150,LUTR 352,11,1
8473,MATH 378,  LLFM,TR,0930-1045,LUTR 352,14,1
8474,MATH 435,  LLFM,MWF,1000-1050,FORBES 2070C,12,1
8475,MATH 440,  LLFM,TR,1100-1215,FORBES 2014,18,1
8476,MATH 451,  LLFM,W,1300-1350,LUTR 372,7,1
8477,MATH 470,  LLFM,MWF,1200-1250,LUTR 242,14,1
9037,MGMT 310,,TR,1330-1445,LUTR 269,0,0
9038,MGMT 310,,TR,1500-1615,LUTR 269,6,1
9039,MGMT 355,,TR,1100-1215,LUTR 123,0,0
9040,MGMT 355,,TR,0800-0915,LUTR 105,13,1
9041,MGMT 456,,MW,1800-1915,LUTR 242,5,1
9043,MGMT 491,  WI,MWF,1400-1450,LUTR 137,10,1
9044,MGMT 491,  WI,MWF,0900-0950,LUTR 137,8,1
9045,MGMT 491,  WI,MW,1600-1715,LUTR 131,17,1
9278,MGMT 499,,,,ARR ,0,0
9046,MKTG 310,,TR,1100-1215,LUTR 142,1,1
9047,MKTG 310,,TR,0930-1045,LUTR 142,0,0
9048,MKTG 330,  WI,MWF,1100-1150,LUTR 269,0,0
9049,MKTG 330,  WI,MWF,1200-1250,LUTR 269,5,1
9050,MKTG 420,,TR,1500-1615,MCM 210,17,1
9051,MKTG 470,,TR,1630-1745,FORBES 3014,13,1
9052,MKTG 470,,TR,0930-1045,FERG 208,0,0
9087,MLAN 206,  AIWT,TR,1100-1215,MCM 162,0,0
9088,MLAN 308,  AIGM,MWF,1100-1150,MCM 212,8,1
9089,MLAN 308,  AIGM,MWF,1400-1450,MCM 312,12,1
9090,MLAN 310,  AICE  WI,MWF,1300-1350,MCM 357,4,1
9091,MLAN 311,,TR,1330-1445,FORBES 2088,16,1
9092,MLAN 511,,T,1630-1915,MCM 364,12,1
8364,MLSC 102,,TR,1100-1215,MCM 112,11,1
8365,MLSC 102L,,T,1500-1715,ARR ,11,1
8366,MLSC 202,,TR,0930-1045,MCM 112,6,1
8367,MLSC 202L,,T,1500-1715,ARR ,6,1
8368,MLSC 302,,TR,0800-0915,MCM 112,2,1
8369,MLSC 302L,,T,1500-1715,ARR ,2,1
8370,MLSC 402,,TR,1330-1445,MCM 112,5,1
9264,MLSC 402,,,,ARR ,0,0
8371,MLSC 402L,,T,1500-1715,ARR ,4,1
8198,MUSC 012,,,,ARR ,53,1
8199,MUSC 014,,,,ARR ,0,0
8208,MUSC 014,,,,ARR ,0,0
8209,MUSC 014,,,,ARR ,0,0
8210,MUSC 014,,,,ARR ,0,0
8211,MUSC 014,,T,1230-1320,FERG R118,0,0
8212,MUSC 014,,R,1230-1320,FERG A183,0,0
8213,MUSC 014,,,,ARR ,0,0
8214,MUSC 014,,,,ARR ,0,0
8215,MUSC 014,,,,ARR ,0,0
8200,MUSC 014,,W,1200-1250,FERG 213,0,0
8201,MUSC 014,,,,ARR ,0,0
8202,MUSC 014,,R,1230-1320,FERG R118,0,0
8203,MUSC 014,,,,ARR ,0,0
8204,MUSC 014,,,,ARR ,0,0
8205,MUSC 014,,,,ARR ,0,0
8206,MUSC 014,,,,ARR ,0,0
8207,MUSC 014,,M,1200-1250,FERG R106,0,0
8216,MUSC 100,  AICE,TR,1630-1745,FERG R118,21,1
8217,MUSC 101,  AICE,TR,1630-1820,FERG R106,20,1
8218,MUSC 102,  AICE,TR,1700-1820,FERG A183,42,1
8219,MUSC 103,  AICE,MWF,1300-1350,FERG R106,5,1
8220,MUSC 104,,MF,1200-1250,FERG 213,1,1
8221,MUSC 104,,WF,1100-1150,FERG R106,16,1
8222,MUSC 105,  AICE,MWF,1300-1430,FERG R118,0,0
8223,MUSC 108,,MWF,1400-1450,FERG R106,10,1
8224,MUSC 114,  AICE,MW,1600-1750,FERG R106,31,1
8225,MUSC 116,,TR,1100-1215,FERG 213,0,0
8226,MUSC 116,,TR,0930-1045,FERG 213,2,1
8227,MUSC 122,,,,ARR ,16,1
8228,MUSC 123,,W,2000-2200,FERG R106,85,1
8229,MUSC 124,,MWF,1500-1550,FERG R106,5,1
8230,MUSC 127,,,,ARR ,19,1
8231,MUSC 136,,MWF,0900-0950,FERG 210,15,1
8232,MUSC 137,,TR,1330-1445,FERG A182,6,1
8233,MUSC 139,,TR,1330-1445,FERG 213,8,1
8234,MUSC 144,,TR,1100-1215,FERG 207,2,1
8235,MUSC 200,,MWF,1100-1150,FERG 213,7,1
8236,MUSC 205,  AICE,TR,1330-1445,FERG R118,0,0
8237,MUSC 210,,TR,0930-1045,FERG 210,1,1
8238,MUSC 210,,TR,1100-1215,FERG 210,1,1
8239,MUSC 212,,MWF,1000-1050,FERG 210,1,1
8240,MUSC 216,,TR,1500-1615,FERG 213,8,1
8241,MUSC 230,,MWF,0900-0950,FERG A183,4,1
8242,MUSC 250,,TR,0930-1045,FERG A182,19,1
8243,MUSC 261,,MWF,1500-1550,FERG A183,19,1
8244,MUSC 266,,MWF,1100-1150,FERG A183,17,1
8245,MUSC 304,,TR,0930-1045,FERG 207,7,1
8246,MUSC 306,  AIGM,TR,1330-1445,FERG A183,5,1
8247,MUSC 310,,TR,1330-1445,FERG 222,13,1
8248,MUSC 312,,MWF,1100-1150,FERG 210,13,1
8249,MUSC 315,  AICE,MWF,1000-1050,FERG 213,6,1
8250,MUSC 413,,MWF,1400-1450,FERG 210,17,1
8251,MUSC 417,,TR,1330-1445,FERG 207,8,1
8252,MUSC 490,  WI,MWF,1500-1550,FERG 210,16,1
8253,MUSC 517,,TR,1100-1215,FERG A182,17,1
8254,MUSC 518,,MW,1500-1615,FERG R118,18,1
8630,NEUR 201,,MWF,1400-1450,FORBES 2070E,23,1
9129,NEUR 300,,TR,0800-0915,FORBES 2090,0,0
9133,NEUR 300L,,TR,1100-1215,FORBES 2090,0,0
9130,NEUR 301,  WI,MWF,1100-1150,FORBES 2002,7,1
9131,NEUR 301L,,M,1300-1545,FORBES 2002,7,1
8631,NEUR 305,,MWF,1000-1050,FORBES 2015,11,1
8632,NEUR 420,,TR,1330-1445,FORBES 2012,1,1
8910,NEUR 480,,MWF,1000-1050,FORBES 1033,8,1
8633,NEUR 490,  WI,TR,1500-1615,FORBES 2088,7,1
9171,NSCI 310,,W,1700-1945,MCM 216,31,1
8862,PCSE 572,,MWF,1500-1550,LUTR 170,11,1
9205,PCSE 595,,MWF,1400-1450,MCM 110,3,1
8863,PCSE 699,,M,1200-1250,LUTR 322,11,1
9229,PERC 132,,,,ARR ,0,0
9230,PERC 134,,,,ARR ,0,0
9231,PERC 332,,,,ARR ,0,0
9232,PERC 333,,,,ARR ,0,0
8283,PHIL 101,  LLFR,MW,1930-2045,MCM 160,0,0
8284,PHIL 101,  LLFR,MWF,0900-0950,MCM 216,0,0
8285,PHIL 201,  AIGM,MWF,0900-0950,MCM 212,0,0
8286,PHIL 201,  AIGM,MWF,1000-1050,MCM 212,0,0
8289,PHIL 202,  AIWT,TR,0930-1045,MCM 312,0,0
8290,PHIL 202,  AIWT,TR,1100-1215,MCM 360,0,0
8291,PHIL 202,  AIWT,TR,1330-1445,MCM 314,0,0
9197,PHIL 202,  AIWT,TR,1330-1445,LUTR 142,0,0
8294,PHIL 205,  LLFR,TR,1500-1615,MCM 101,23,1
8295,PHIL 207,  LLFR,TR,0930-1045,MCM 101,0,0
9196,PHIL 207,  LLFR,MWF,1100-1150,FORBES 3014,0,0
9193,PHIL 207,  LLFR,TR,0800-0915,MCM 160,7,1
9194,PHIL 207,  LLFR,MWF,0800-0850,MCM 362,14,1
9195,PHIL 207,  LLFR,MWF,1200-1250,FORBES 3014,0,0
8301,PHIL 306,  AICE,TR,1630-1745,MCM 314,0,0
8302,PHIL 308,,TR,1100-1215,TRIB 1213,7,1
8303,PHIL 312,,MWF,1400-1450,MCM 366,0,0
8304,PHIL 315,,MWF,1100-1150,MCM 200B,4,1
8306,PHIL 326,  WI,TR,1100-1215,MCM 312,0,0
8307,PHIL 337,,TR,0930-1045,TRIB 1213,0,0
8308,PHIL 348,,MWF,1000-1050,MCM 200B,14,1
9191,PHIL 384,  AIWT,TR,0800-0915,MCM 162,0,0
8309,PHIL 451,,TR,1630-1745,MCM 366,8,1
8310,PHIL 490,  WI,MWF,1300-1350,MCM 200D,13,1
8864,PHYS 105L,  AINW,R,1800-2045,SYN ,12,1
8865,PHYS 105L,  AINW,W,1800-2045,SYN ,6,1
8866,PHYS 141,  AINW,TR,1500-1615,FORBES 2015,0,0
9152,PHYS 144,  AINW,TR,1800-1915,FORBES 2070D,0,0
8868,PHYS 151,  AINW,TR,1100-1215,FORBES 2070C,0,0
8869,PHYS 151L,  AINW,M,1800-2045,SYN ,3,1
8870,PHYS 152,  AINW,MW,1800-1915,LUTR 121,25,1
8871,PHYS 152,  AINW,TR,0930-1045,LUTR 121,24,1
8872,PHYS 152L,  AINW,W,1300-1545,LUTR 306,0,0
8873,PHYS 152L,  AINW,W,1800-2045,LUTR 306,8,1
8874,PHYS 152L,  AINW,R,1800-2045,LUTR 306,0,0
8875,PHYS 152L,  AINW,T,1800-2045,LUTR 306,0,0
8876,PHYS 152L,  AINW,W,0900-1145,LUTR 306,23,1
8877,PHYS 201,  AINW,MWF,1000-1050,FORBES 3014,0,0
8878,PHYS 201L,  AINW,M,1800-2045,LUTR 306,0,0
8879,PHYS 202,  AINW,TR,0800-0915,LUTR 322,7,1
8880,PHYS 202,  AINW,TR,1330-1445,LUTR 322,0,0
8881,PHYS 202,  AINW,TR,1500-1615,LUTR 258,3,1
8882,PHYS 202L,  AINW,R,0930-1215,LUTR 310,6,1
8883,PHYS 202L,  AINW,R,1800-2045,LUTR 310,1,1
8884,PHYS 202L,  AINW,W,1800-2045,LUTR 310,0,0
8885,PHYS 301,,TR,1330-1445,LUTR 323,18,1
8886,PHYS 340,,TR,0930-1045,LUTR 323,14,1
8887,PHYS 402,,TR,1330-1445,LUTR 310,22,1
8888,PHYS 406,,MWF,1000-1050,LUTR 137,21,1
8889,PHYS 431,,MWF,1300-1350,LUTR 142,19,1
8890,PHYS 498,  WI,MW,1800-1915,LUTR 322,3,1
8891,PHYS 502,,TR,1330-1445,LUTR 310,3,1
8892,PHYS 506,,MWF,1000-1050,LUTR 137,2,1
8893,PHYS 521,,TR,0800-0915,LUTR 170,5,1
8894,PHYS 531,,MWF,1300-1350,LUTR 142,3,1
9234,PIAN 132,,,,ARR ,0,0
9235,PIAN 232,,,,ARR ,0,0
9236,PIAN 333,,,,ARR ,0,0
9237,PIAN 434,,,,ARR ,0,0
8624,PMED 010,,TR,1230-1320,FORBES 1022,4,1
8625,PMED 020,,TR,1230-1320,FORBES 1022,4,1
8626,PMED 030,,TR,1230-1320,FORBES 1022,22,1
8627,PMED 040,,TR,1230-1320,FORBES 1022,18,1
8690,POLS 100,,TR,0930-1045,MCM 212,0,0
8691,POLS 100,,TR,1330-1445,MCM 316,0,0
8692,POLS 101,  AIDE,MWF,1100-1150,MCM 101,0,0
8693,POLS 101,  AIDE,MW,1600-1715,MCM 160,0,0
8694,POLS 202,,R,1800-2045,MCM 316,2,1
8695,POLS 215,,MWF,1100-1150,MCM 307,9,1
8696,POLS 215,,MWF,1000-1050,MCM 307,0,0
8697,POLS 215,,TR,1630-1745,MCM 164,3,1
8698,POLS 215,,T,1800-2045,MCM 210,2,1
8699,POLS 240,  AIDE,MW,1600-1715,MCM 162,0,0
8700,POLS 315,,TR,0930-1045,MCM 114,0,0
8701,POLS 316,,MWF,1300-1350,MCM 364,0,0
8702,POLS 316,,MWF,1400-1450,MCM 364,0,0
8703,POLS 320,,MWF,1000-1050,MCM 160,0,0
8704,POLS 322,,MWF,1400-1450,MCM 360,3,1
8705,POLS 333,,TR,0930-1045,MCM 207,2,1
8706,POLS 333,,TR,1100-1215,MCM 207,0,0
8707,POLS 335,,MWF,1100-1150,MCM 314,0,0
8708,POLS 338,,TR,1100-1215,MCM 257,0,0
8709,POLS 340,,TR,1330-1445,LUTR 131,0,0
8711,POLS 352,,TR,0930-1045,MCM 110,5,1
8712,POLS 352,,TR,1100-1215,MCM 110,1,1
8713,POLS 353,,TR,1100-1215,MCM 200C,1,1
8714,POLS 353,,TR,1500-1615,MCM 316,6,1
8715,POLS 371,  WI,W,1600-1845,MCM 210,3,1
8716,POLS 380,,TR,1330-1445,FERG 208,0,0
8717,POLS 380,,TR,1500-1615,FERG 208,1,1
9147,POLS 395,,TR,1630-1745,MCM 110,0,0
8718,POLS 410,,MWF,1300-1350,MCM 164,0,0
8719,POLS 454,,TR,1500-1615,MCM 357,11,1
8720,POLS 490,  WI,TR,1330-1445,MCM 200D,1,1
8721,POLS 490,  WI,TR,1630-1745,MCM 316,0,0
8722,POLS 490,  WI,MWF,1200-1250,MCM 307,0,0
8723,POLS 491,,,,ARR ,9,1
8634,PSYC 201,  AINW,MWF,1300-1350,FORBES 1022,0,0
8635,PSYC 201,  AINW,TR,0930-1045,FORBES 1022,0,0
8636,PSYC 202,,TR,1330-1445,FORBES 1022,46,1
8637,PSYC 202,,MWF,1400-1450,FORBES 1022,0,0
8638,PSYC 207,,TR,1630-1745,FORBES 2070D,25,1
8639,PSYC 207,,TR,1500-1615,FORBES 2070D,7,1
8640,PSYC 208,,W,1800-2045,FORBES 2015,39,1
8641,PSYC 208,,TR,1330-1445,FORBES 2070E,0,0
8642,PSYC 208,,TR,1500-1615,FORBES 2070E,15,1
8643,PSYC 300,,MWF,0800-0850,FORBES 2090,12,1
8644,PSYC 300,,MWF,0900-0950,FORBES 2090,0,0
8645,PSYC 300,,MWF,1500-1550,FORBES 2090,23,1
8646,PSYC 301,  WI,TR,1100-1215,FORBES 2009,1,1
8647,PSYC 301,  WI,MWF,0900-0950,FORBES 2002,0,0
8648,PSYC 301,  WI,MWF,1000-1050,FORBES 2090,0,0
8649,PSYC 301,  WI,MWF,1300-1350,FORBES 2090,0,0
8650,PSYC 301L,,TR,1330-1445,FORBES 2009,1,1
8651,PSYC 301L,,MWF,1000-1050,FORBES 2002,0,0
8652,PSYC 301L,,MWF,1100-1150,FORBES 2090,0,0
8653,PSYC 301L,,MWF,1400-1450,FORBES 2090,0,0
8654,PSYC 304,,MWF,0900-0950,FORBES 2015,0,0
8655,PSYC 304,,MWF,1100-1150,MCM 262,0,0
8656,PSYC 305,,MWF,1000-1050,FORBES 2070A,0,0
8657,PSYC 306,,MWF,0900-0950,FORBES 2074,37,1
8658,PSYC 306,,MWF,1000-1050,FORBES 2074,32,1
9137,PSYC 309,,TR,1500-1615,FORBES 2074,6,1
8660,PSYC 312,,TR,1630-1745,FORBES 2074,23,1
8661,PSYC 314,,TR,1100-1215,FORBES 2070A,0,0
8662,PSYC 314,,TR,1330-1445,FORBES 2015,0,0
8663,PSYC 315,,TR,0930-1045,FORBES 2074,0,0
8664,PSYC 315,,TR,1100-1215,FORBES 2074,0,0
9138,PSYC 317,,TR,0930-1045,FORBES 2070A,0,0
8666,PSYC 336,,M,1800-2045,FORBES 2070E,0,0
8667,PSYC 350,,TR,0800-0915,FORBES 2015,0,0
8668,PSYC 360,,TR,1330-1445,FORBES 2070C,10,1
9206,PSYC 395,,MWF,1300-1350,MCM 160,22,1
9149,PSYC 395L,,TR,1100-1215,FORBES 2090,7,1
8669,PSYC 405,,MWF,0800-0850,FORBES 2009,0,0
8683,PSYC 405L,,MWF,0900-0950,FORBES 2009,0,0
8670,PSYC 406,,TR,1330-1445,FORBES 2002,0,0
8684,PSYC 406L,,TR,1500-1615,FORBES 2002,0,0
8671,PSYC 408,,MWF,1300-1350,FORBES 2070E,0,0
8685,PSYC 408L,,M,1400-1645,FORBES 2009,0,0
8686,PSYC 408L,,W,1400-1645,FORBES 2009,0,0
8672,PSYC 409,,W,1800-2045,FORBES 2070E,1,1
8687,PSYC 409L,,TR,1800-1915,FORBES 2088,0,0
8688,PSYC 409L,,TR,1630-1745,FORBES 2088,0,0
8673,PSYC 420,,TR,1330-1445,FORBES 2070D,12,1
8674,PSYC 430,,TR,0930-1045,FORBES 2002,0,0
8689,PSYC 430L,,TR,1100-1215,FORBES 2002,0,0
8675,PSYC 490,  WI,MWF,1400-1450,FORBES 2014,0,0
8676,PSYC 490,  WI,MWF,1300-1350,FORBES 2009,0,0
8677,PSYC 490,  WI,TR,0930-1045,FORBES 2009,0,0
8678,PSYC 490,  WI,MW,1600-1715,FORBES 2088,4,1
8679,PSYC 491,,MWF,1200-1250,FORBES 2012,1,1
9150,PSYC 495,,TR,1500-1615,FORBES 2014,0,0
9151,PSYC 495L,,TR,1630-1745,FORBES 2015,0,0
9275,PSYC 499,,,,ARR ,0,0
8681,PSYC 535,,R,1630-1915,FORBES 2070E,5,1
8682,PSYC 544,,T,1630-1915,FORBES 2012,0,0
8311,RSTD 211,  AIGM,TR,1500-1615,MCM 257,0,0
9189,RSTD 211,  AIGM,MWF,0900-0950,MCM 362,0,0
9190,RSTD 211,  AIGM,TR,1630-1745,MCM 162,0,0
9192,RSTD 211,  AIGM,MWF,1200-1250,MCM 207,0,0
8313,RSTD 212,  AIWT,MW,1930-2045,MCM 314,0,0
8314,RSTD 212,  AIWT,MW,1800-1915,MCM 314,0,0
8317,RSTD 212,  AIWT,MWF,1200-1250,MCM 310,0,0
9188,RSTD 212,  AIWT,MWF,1100-1150,MCM 207,0,0
9200,RSTD 212,  AIWT,MW,1600-1715,MCM 314,0,0
8318,RSTD 232,  AIWT,MW,1600-1715,MCM 364,0,0
9186,RSTD 232,  AIWT,TR,1500-1615,MCM 307,0,0
9187,RSTD 232,  AIWT,TR,1330-1445,MCM 200B,0,0
8320,RSTD 270,  AIGM,MWF,1000-1050,MCM 200C,2,1
8321,RSTD 312,  AICE,TR,1100-1215,MCM 200B,2,1
8323,RSTD 326,  WI,W,1800-2045,MCM 357,4,1
9148,RSTD 395,,W,1800-2045,MCM 114,5,1
9201,RSTD 491,,,,ARR ,0,0
9238,SAXO 132,,,,ARR ,0,0
9239,SAXO 134,,,,ARR ,0,0
9240,SAXO 233,,,,ARR ,0,0
9241,SAXO 234,,,,ARR ,0,0
8745,SOCL 201,  AIGM,TR,1100-1215,LUTR 121,0,0
8746,SOCL 205,,TR,1100-1215,FORBES 3012,0,0
8747,SOCL 205,,TR,1500-1615,FORBES 2070A,0,0
8748,SOCL 304,,MW,1600-1715,LUTR 167,0,0
8749,SOCL 304,,MW,1800-1915,LUTR 167,0,0
8750,SOCL 306,,MWF,0900-0950,FORBES 2015,19,1
8751,SOCL 306,,MWF,1100-1150,MCM 262,5,1
8752,SOCL 314,,TR,1100-1215,FERG 201,3,1
9274,SOCL 314,,TR,1500-1615,TRIB 1210,3,1
8753,SOCL 314L,,W,1500-1615,LUTR 242,8,1
8756,SOCL 316,,TR,1630-1745,LUTR 167,1,1
8758,SOCL 331,,TR,1800-1915,LUTR 264,0,0
8759,SOCL 340,,MWF,0900-0950,LUTR 157,2,1
8760,SOCL 340,,MWF,1000-1050,LUTR 157,0,0
8761,SOCL 374,,TR,1500-1615,LUTR 142,0,0
8764,SOCL 390,  WI,MWF,1100-1150,FORBES 2088,8,1
9153,SOCL 395,,MWF,0800-0850,LUTR 170,0,0
9154,SOCL 395,,MWF,0900-0950,LUTR 170,0,0
8765,SOCL 470,  WI,TR,1500-1615,LUTR 167,3,1
8766,SOCL 470,  WI,TR,0930-1045,LUTR 167,0,0
8767,SOCL 490,  WI,TR,0930-1045,LUTR 157,0,0
8768,SOCL 490,  WI,TR,0930-1045,LUTR 131,0,0
8769,SOCL 491,,,,ARR ,0,0
8770,SOWK 201,,TR,1100-1215,LUTR 269,0,0
8772,SOWK 211,,TR,1330-1445,FORBES 2074,10,1
8773,SOWK 302,,TR,0930-1045,FORBES 3014,3,1
8774,SOWK 303,,TR,1800-1915,LUTR 376,3,1
8775,SOWK 366,,TR,0800-0915,LUTR 142,3,1
8776,SOWK 402,  WI,M,1200-1350,MCM 200B,2,1
8777,SOWK 402,  WI,W,1200-1350,MCM 200B,0,0
8778,SOWK 402,  WI,W,1200-1350,MCM 200C,1,1
8779,SOWK 498,,M,1800-2045,LUTR 157,3,1
9095,SPAN 101,,MWF,1300-1350,MCM 316,0,0
9096,SPAN 101,,MWF,1400-1450,MCM 316,0,0
9097,SPAN 101,,MWF,1100-1150,TFAC 204,0,0
9098,SPAN 102,,MWF,1000-1050,MCM 262,0,0
9099,SPAN 102,,MWF,0800-0850,MCM 257,0,0
9100,SPAN 102,,MWF,0900-0950,MCM 257,0,0
9101,SPAN 102,,MWF,1100-1150,MCM 364,0,0
9102,SPAN 102,,MWF,1200-1250,MCM 364,0,0
9103,SPAN 200,  LLFL,MWF,0800-0850,MCM 207,0,0
9114,SPAN 200,  LLFL,TR,0930-1045,MCM 257,0,0
9115,SPAN 200,  LLFL,TR,1630-1745,MCM 260,0,0
9116,SPAN 200,  LLFL,TR,1800-1915,MCM 160,0,0
9117,SPAN 200,  LLFL,MW,1800-1915,MCM 162,0,0
9104,SPAN 200,  LLFL,MWF,0900-0950,MCM 207,0,0
9105,SPAN 200,  LLFL,MWF,1000-1050,MCM 207,0,0
9106,SPAN 200,  LLFL,TR,1100-1215,MCM 364,0,0
9107,SPAN 200,  LLFL,TR,1100-1215,MCM 260,0,0
9108,SPAN 200,  LLFL,TR,1330-1445,FERG 221,0,0
9109,SPAN 200,  LLFL,TR,1330-1445,MCM 307,0,0
9111,SPAN 200,  LLFL,TR,1500-1615,MCM 212,0,0
9118,SPAN 201,  LLFL,MWF,1200-1250,MCM 316,0,0
9119,SPAN 202,  LLFL,MWF,1100-1150,MCM 260,0,0
9120,SPAN 202,  LLFL,MWF,1300-1350,MCM 210,0,0
9121,SPAN 301,  LLFL,TR,0930-1045,MCM 364,9,1
9122,SPAN 302,  LLFL,MWF,0900-0950,MCM 262,2,1
9123,SPAN 303,  LLFL,MWF,1200-1250,TRIB 1213,9,1
9125,SPAN 340,  LLFL,TR,1330-1445,FERG 220,9,1
9126,SPAN 352,  AIGM  LLFL,TR,0930-1045,MCM 162,10,1
9127,SPAN 472,  AIWT  LLFL,MWF,1000-1050,MCM 260,11,1
8895,TCHG 510,,MTWRF,0800-1550,ARR ,0,0
8904,TCHG 510,,MTWRF,0800-1550,ARR ,0,0
8896,TCHG 510,,MTWRF,0800-1550,ARR ,0,0
8897,TCHG 510,,MTWRF,0800-1550,ARR ,0,0
8898,TCHG 510,,MTWRF,0800-1550,ARR ,0,0
8899,TCHG 510,,MTWRF,0800-1550,ARR ,0,0
8900,TCHG 510,,MTWRF,0800-1550,ARR ,0,0
8901,TCHG 510,,MTWRF,0800-1550,ARR ,0,0
8902,TCHG 510,,MTWRF,0800-1550,ARR ,0,0
8903,TCHG 510,,MTWRF,0800-1550,ARR ,1,1
9181,TCHG 511,,,,ARR ,0,0
9183,TCHG 511,,,,ARR ,0,0
9179,TCHG 511,,,,ARR ,0,0
9182,TCHG 512,,,,ARR ,0,0
9184,TCHG 512,,,,ARR ,0,0
9180,TCHG 512,,,,ARR ,0,0
8905,TCHG 580,,MW,1600-1900,MCM 300B,2,1
8906,TCHG 580,,T,1600-1900,MCM 200C,4,1
8907,TCHG 580,,MW,1700-2000,MCM 316,3,1
8255,THEA 130,,,,ARR ,0,0
8256,THEA 130,,,,ARR ,0,0
8257,THEA 130,,,,ARR ,0,0
8263,THEA 232,  AICE,MW,1600-1715,FERG T107,0,0
8264,THEA 232,  AICE,TR,1630-1745,FERG T107,0,0
8265,THEA 250,  AICE,TR,1100-1215,FERG 220,1,1
8266,THEA 250L,,,,ARR ,3,1
8267,THEA 250L,,,,ARR ,19,1
8268,THEA 252,,MW,1100-1215,FERG 222,0,0
9162,THEA 258,,MW,0930-1045,FERG 222,0,0
8269,THEA 311,,MW,1330-1445,FERG 221,0,0
8270,THEA 332,,MW,1300-1415,FERG T107,5,1
8262,THEA 333,,MW,1430-1545,FERG T107,5,1
8271,THEA 336,,TR,1100-1215,FERG T107,6,1
8279,THEA 338,,MW,1100-1215,FERG T107,0,0
8273,THEA 351,,TR,0930-1045,FERG 223,5,1
8272,THEA 354,,TR,1500-1615,FERG 222,14,1
8274,THEA 359,,TR,1100-1215,FERG 222,11,1
8275,THEA 380,,,,ARR ,0,0
8276,THEA 380,,MTWRF,1900-2300,FERG T107,0,0
8277,THEA 381,,,,ARR ,0,0
8278,THEA 430,,TR,1330-1445,FERG T107,8,1
8281,THEA 491,,,,ARR ,0,0
8282,THEA 498,,,,ARR ,6,1
9242,TRMB 132,,,,ARR ,0,0
9243,TRPT 130,,,,ARR ,0,0
9244,TRPT 132,,,,ARR ,0,0
9245,TRPT 134,,,,ARR ,0,0
9246,TUBA 132,,,,ARR ,0,0
9247,TUBA 134,,,,ARR ,0,0
9248,VIOL 334,,,,ARR ,0,0
9249,VOIC 131,,,,ARR ,0,0
9250,VOIC 134,,,,ARR ,0,0
9251,VOIC 232,,,,ARR ,0,0
9252,VOIC 332,,,,ARR ,0,0
9253,VOIC 332,,,,ARR ,0,0
9254,VOIC 431,,,,ARR ,0,0
9255,VOIC 432,,,,ARR ,0,0
9256,VOIC 434,,,,ARR ,0,0
9269,VOLA 130,,,,ARR ,0,0
9257,VOLA 332,,,,ARR ,0,0
