CRN,Course,Days,Time,Location,Seats Still Available,STATUS
8960,ACCT 200,MWF,1200-1250,FORBES 2074,0,Closed
8961,ACCT 200,MWF,1400-1450,TRIB 208,3,Open
8962,ACCT 201,MWF,1400-1450,LUTR 170,14,Open
8963,ACCT 201,MWF,1000-1050,FORBES 3012,0,Closed
8964,ACCT 201,MWF,1300-1350,LUTR 170,7,Open
8965,ACCT 202,TR,0930-1045,LUTR 242,0,Closed
8966,ACCT 202,MWF,0900-0950,FORBES 3014,0,Closed
8967,ACCT 202,MWF,1100-1150,LUTR 242,0,Closed
8968,ACCT 202,MWF,1000-1050,LUTR 242,0,Closed
8969,ACCT 202,TR,1100-1215,LUTR 242,0,Closed
8970,ACCT 301,MWF,1000-1050,FERG 208,14,Open
8971,ACCT 302,MWF,1100-1150,FORBES 2070C,1,Open
8974,ACCT 307,MWF,0900-0950,LUTR 347,0,Closed
9268,ACCT 307,MWF,0900-0950,LUTR 347,4,Open
9199,ACCT 401,TR,1330-1445,LUTR 242,0,Closed
8972,ACCT 404,,,ARR ,0,Closed
8973,ACCT 552,MW,1600-1715,LUTR 269,5,Open
9207,ACCT 595,MW,1800-1915,FORBES 2090,6,Open
8372,AMST 100,MWF,1200-1250,MCM 257,0,Closed
8373,AMST 100,MWF,1300-1350,MCM 257,0,Closed
8374,AMST 100,MW,1600-1715,MCM 114,0,Closed
8375,AMST 100,MWF,1400-1450,MCM 160,0,Closed
8376,AMST 100,MWF,1500-1550,MCM 160,0,Closed
8377,AMST 100,MWF,0900-0950,TFAC 205,0,Closed
8378,AMST 100,MWF,1000-1050,TFAC 205,0,Closed
8379,AMST 120,TR,1100-1215,MCM 210,0,Closed
8380,AMST 120,TR,0930-1045,MCM 210,0,Closed
8381,AMST 120,TR,1630-1745,MCM 114,0,Closed
8382,AMST 200,MWF,1000-1050,MCM 310,0,Closed
8383,AMST 200,MWF,1100-1150,MCM 310,0,Closed
8384,AMST 300,TR,1930-2045,LUTR 131,0,Closed
8385,AMST 330,TR,1330-1445,MCM 210,0,Closed
9141,AMST 395,TR,1800-1915,LUTR 131,11,Open
9167,AMST 395,TR,1500-1615,MCM 114,0,Closed
8386,AMST 490,TR,1330-1445,MCM 300B,1,Open
8724,ANTH 200,TR,1330-1445,LUTR 170,0,Closed
8725,ANTH 200,TR,1500-1615,LUTR 170,0,Closed
8726,ANTH 203,TR,1330-1445,LUTR 347,0,Closed
8727,ANTH 203,TR,1500-1615,LUTR 347,0,Closed
9158,ANTH 388,TR,1330-1445,LUTR 157,0,Closed
9142,ANTH 395,MWF,1400-1450,FORBES 3012,0,Closed
9053,ARAB 102,MWF,1000-1050,TFAC 204,0,Closed
9054,ARAB 102,MWF,1200-1250,MCM 312,0,Closed
9055,ARAB 202,MWF,1300-1350,MCM 312,6,Open
9212,BASN 134,,,ARR ,0,Closed
9213,BASN 232,,,ARR ,0,Closed
8533,BCHM 410,MWF,1100-1150,FORBES 2015,10,Open
8534,BCHM 415,MWF,0900-0950,FORBES 3012,20,Open
8535,BCHM 415L,T,1330-1720,FORBES 3048,8,Open
8479,BIOL 108,TR,1800-1915,FORBES 1022,0,Closed
8481,BIOL 109L,M,1400-1550,FORBES 1027,0,Closed
8482,BIOL 109L,M,1600-1750,FORBES 1027,1,Open
8483,BIOL 109L,M,1800-1950,FORBES 1027,0,Closed
8484,BIOL 109L,T,1800-1950,FORBES 1027,0,Closed
8485,BIOL 109L,R,1800-1950,FORBES 1027,1,Open
8486,BIOL 109L,M,2000-2150,FORBES 1027,0,Closed
8487,BIOL 109L,T,2000-2150,FORBES 1027,0,Closed
8488,BIOL 109L,R,2000-2150,FORBES 1027,0,Closed
8536,BIOL 113,MW,1600-1715,FORBES 2070D,0,Closed
8480,BIOL 115,MWF,1200-1250,FORBES 1022,0,Closed
8537,BIOL 211,MWF,0800-0850,FORBES 2015,22,Open
8538,BIOL 211,MWF,0900-0950,FORBES 2070E,0,Closed
8540,BIOL 211,TR,1100-1215,FORBES 2070D,0,Closed
8541,BIOL 211L,M,1300-1650,FORBES 1009,0,Closed
8542,BIOL 211L,T,0800-1150,FORBES 1009,16,Open
8543,BIOL 211L,W,1800-2150,FORBES 1009,1,Open
8544,BIOL 211L,T,1800-2150,FORBES 1009,0,Closed
8545,BIOL 211L,W,1300-1650,FORBES 1009,14,Open
8546,BIOL 211L,T,1330-1720,FORBES 1009,0,Closed
8489,BIOL 212,MWF,0800-0850,FORBES 1022,17,Open
8490,BIOL 212,TR,0930-1045,FORBES 2070E,0,Closed
8491,BIOL 212,TR,1100-1215,FORBES 2070E,0,Closed
8492,BIOL 212L,W,0900-1250,FORBES 1027,3,Open
8493,BIOL 212L,R,1330-1720,FORBES 1002,0,Closed
8494,BIOL 212L,T,1330-1720,FORBES 1002,6,Open
8495,BIOL 212L,W,1330-1720,FORBES 1027,0,Closed
8496,BIOL 212L,T,1330-1720,FORBES 1027,13,Open
8497,BIOL 213,MWF,0900-0950,FORBES 1033,0,Closed
8498,BIOL 213,MWF,0900-0950,FORBES 1039,5,Open
8499,BIOL 213,MWF,1100-1150,FORBES 2070D,22,Open
8500,BIOL 213,MWF,1100-1150,FORBES 2070E,34,Open
8501,BIOL 213L,T,0800-1150,FORBES 1033,6,Open
8502,BIOL 213L,T,0800-1150,FORBES 1039,14,Open
8503,BIOL 213L,M,1300-1650,FORBES 1033,6,Open
8504,BIOL 213L,M,1300-1650,FORBES 1039,8,Open
8505,BIOL 213L,W,1300-1650,FORBES 1033,8,Open
8506,BIOL 213L,W,1300-1650,FORBES 1039,19,Open
8547,BIOL 250,MW,1800-1915,FORBES 1022,26,Open
8548,BIOL 285,TR,0930-1045,FORBES 2015,10,Open
8549,BIOL 285L,R,1330-1720,FORBES 2056,0,Closed
8550,BIOL 285L,R,1800-2150,FORBES 2056,11,Open
9143,BIOL 295,MWF,1300-1350,FORBES 2070D,13,Open
9177,BIOL 295,W,1300-1350,TFAC 219,0,Closed
8551,BIOL 300,TR,0800-0915,FORBES 2090,0,Closed
9174,BIOL 300L,TR,1100-1215,FORBES 2090,8,Open
8552,BIOL 301,MWF,0900-0950,MCM 114,0,Closed
8553,BIOL 301L,T,1330-1720,FORBES 1015,3,Open
8554,BIOL 301L,W,1300-1650,FORBES 1015,7,Open
8555,BIOL 313,TR,1800-1915,MCM 101,16,Open
8556,BIOL 315,TR,0930-1045,MCM 164,35,Open
8557,BIOL 315,TR,1100-1215,FORBES 2015,0,Closed
8558,BIOL 315L,T,1330-1720,FORBES 2056,8,Open
8559,BIOL 315L,W,1300-1650,FORBES 2056,5,Open
8560,BIOL 315L,W,1800-2150,FORBES 2056,0,Closed
8561,BIOL 315L,T,1800-2150,FORBES 2056,0,Closed
8563,BIOL 326,MWF,1000-1050,FORBES 2070E,0,Closed
8507,BIOL 365,TR,1100-1215,FORBES 1027,0,Closed
8508,BIOL 391,M,0900-0950,FORBES 2051,0,Closed
8567,BIOL 391,F,1100-1150,FORBES 1002,0,Closed
8568,BIOL 391,F,0900-0950,FORBES 2012,0,Closed
8569,BIOL 391,F,1000-1050,FORBES 1002,0,Closed
8509,BIOL 391,W,0900-0950,FORBES 2051,3,Open
8510,BIOL 391,F,0900-0950,FORBES 2051,3,Open
8511,BIOL 391,M,1000-1050,FORBES 2051,3,Open
8512,BIOL 391,W,1000-1050,FORBES 2051,1,Open
8513,BIOL 391,F,1000-1050,FORBES 2051,4,Open
8564,BIOL 391,M,0900-0950,FORBES 2012,0,Closed
8565,BIOL 391,W,0900-0950,FORBES 2012,0,Closed
8566,BIOL 391,W,1000-1050,FORBES 1002,0,Closed
8514,BIOL 409,MWF,1200-1250,FORBES 2043,0,Closed
8515,BIOL 409L,R,1330-1720,FORBES 1039,0,Closed
8570,BIOL 412,TR,0930-1045,FORBES 1015,3,Open
8571,BIOL 412L,M,1300-1650,FORBES 1015,3,Open
8572,BIOL 424L,,,ARR ,0,Closed
8573,BIOL 426,MWF,0800-0850,FORBES 2070C,4,Open
8574,BIOL 426L,T,1330-1720,FORBES 1055,4,Open
8516,BIOL 430,MWF,1000-1050,FORBES 2043,0,Closed
8517,BIOL 435,TR,0930-1045,FORBES 2051,4,Open
8518,BIOL 435L,T,1330-1720,FORBES 2051,4,Open
8519,BIOL 440,MWF,0800-0850,FORBES 2043,0,Closed
8520,BIOL 440L,F,1300-1650,FORBES 2043,0,Closed
8575,BIOL 450,MWF,1100-1150,FORBES 2074,13,Open
8576,BIOL 450L,M,1300-1650,FORBES 1002,0,Closed
8577,BIOL 450L,F,1300-1650,FORBES 1002,13,Open
8909,BIOL 480,MWF,1000-1050,FORBES 1033,6,Open
8521,BIOL 491,M,0900-0950,FORBES 2043,6,Open
8581,BIOL 491,F,1300-1350,FORBES 1009,0,Closed
9271,BIOL 491,W,1100-1150,FORBES 2012,2,Open
9272,BIOL 491,R,0800-0850,FORBES 2012,7,Open
9273,BIOL 491,T,0800-0850,FORBES 2012,1,Open
8522,BIOL 491,W,0900-0950,FORBES 2043,0,Closed
8523,BIOL 491,F,0900-0950,FORBES 2043,6,Open
8524,BIOL 491,M,1100-1150,FORBES 2051,6,Open
8525,BIOL 491,W,1100-1150,FORBES 2051,5,Open
8526,BIOL 491,F,1100-1150,FORBES 2051,7,Open
8578,BIOL 491,W,1700-1750,FORBES 1009,0,Closed
8579,BIOL 491,M,0900-0950,FORBES 1009,0,Closed
8580,BIOL 491,M,1000-1050,FORBES 1009,0,Closed
9276,BIOL 496,,,ARR ,0,Closed
9277,BIOL 496,,,ARR ,0,Closed
8976,BTMG 020,,,ARR ,10,Open
8977,BTMG 030,,,ARR ,9,Open
8978,BTMG 040,,,ARR ,7,Open
9175,BUSN 195,MWF,1100-1150,LUTR 142,0,Closed
8979,BUSN 210,TR,1800-1915,LUTR 242,0,Closed
8980,BUSN 231,TR,1330-1445,LUTR 105,0,Closed
8981,BUSN 231,TR,1500-1615,LUTR 105,0,Closed
8982,BUSN 231,TR,1630-1745,LUTR 105,0,Closed
8983,BUSN 231,MWF,0800-0850,LUTR 105,0,Closed
8985,BUSN 231,MW,1930-2045,LUTR 123,3,Open
8986,BUSN 251,TR,1630-1745,TRIB 208,0,Closed
8987,BUSN 251,TR,1800-1915,TRIB 208,0,Closed
8988,BUSN 251,TR,1100-1215,LUTR 137,0,Closed
8989,BUSN 251,TR,1330-1445,LUTR 137,0,Closed
8990,BUSN 251,TR,1500-1615,LUTR 137,2,Open
9019,BUSN 276L,M,1800-1950,LUTR 105,6,Open
9020,BUSN 276L,R,1800-1950,LUTR 123,0,Closed
8991,BUSN 300,MWF,1100-1150,LUTR 264,5,Open
8992,BUSN 300,MWF,1300-1350,FORBES 2074,16,Open
8993,BUSN 300,MWF,1000-1050,LUTR 264,3,Open
8994,BUSN 303,MWF,1000-1050,FORBES 2070D,0,Closed
8995,BUSN 303,MWF,1400-1450,LUTR 269,18,Open
8996,BUSN 303,TR,1800-1915,LUTR 347,13,Open
8997,BUSN 304,TR,1100-1215,LUTR 105,0,Closed
8998,BUSN 304,MWF,0800-0850,LUTR 109,21,Open
8999,BUSN 304,TR,0930-1045,LUTR 105,11,Open
9000,BUSN 305,TR,1800-1915,LUTR 105,0,Closed
9001,BUSN 305,TR,1930-2045,LUTR 105,0,Closed
9002,BUSN 305,MWF,1300-1350,LUTR 105,3,Open
9003,BUSN 305,MWF,1400-1450,LUTR 105,9,Open
9005,BUSN 311,TR,1500-1615,FORBES 3014,1,Open
9006,BUSN 311,MWF,1200-1250,LUTR 137,0,Closed
9007,BUSN 317,MWF,0900-0950,FERG 207,7,Open
9008,BUSN 317,MWF,1000-1050,FERG 207,0,Closed
9009,BUSN 323,TR,1500-1615,MCM 164,9,Open
9010,BUSN 323,TR,0930-1045,MCM 360,5,Open
9011,BUSN 323,MWF,0800-0850,LUTR 142,0,Closed
9202,BUSN 354,,,ARR ,0,Closed
9012,BUSN 418,MWF,1100-1150,MCM 110,0,Closed
9013,BUSN 418,MWF,1300-1350,LUTR 137,0,Closed
9015,BUSN 418,MWF,1000-1050,LUTR 347,0,Closed
9016,BUSN 442,TR,1330-1445,FERG 201,0,Closed
9017,BUSN 448,TR,1800-1915,FORBES 3014,6,Open
9018,BUSN 448,TR,0800-0915,LUTR 347,0,Closed
9280,BUSN 499,,,ARR ,0,Closed
9214,CELL 132,,,ARR ,0,Closed
9215,CELL 332,,,ARR ,0,Closed
8582,CHEM 104,MWF,0800-0850,FORBES 2070E,19,Open
8583,CHEM 104L,M,1800-2100,FORBES 3002,0,Closed
8584,CHEM 121,MWF,1300-1350,LUTR 121,0,Closed
8585,CHEM 121,TR,0930-1045,FORBES 2070C,0,Closed
8586,CHEM 121L,W,1800-2150,FORBES 3009,0,Closed
8587,CHEM 121L,R,1800-2150,FORBES 3009,0,Closed
8588,CHEM 121L,M,1800-2150,FORBES 3009,0,Closed
9168,CHEM 121L,W,1800-2150,FORBES 3002,0,Closed
8589,CHEM 122,TR,0930-1045,FORBES 2070D,0,Closed
8590,CHEM 122,MWF,0900-0950,FORBES 1022,0,Closed
8591,CHEM 122,MWF,1400-1450,FORBES 2015,12,Open
8592,CHEM 122,MWF,1100-1150,MCM 114,0,Closed
8593,CHEM 122,MWF,1200-1250,FORBES 2070E,0,Closed
8594,CHEM 122,MWF,1300-1350,FORBES 2015,10,Open
8595,CHEM 122L,W,1300-1650,FORBES 3002,4,Open
8606,CHEM 122L,F,1300-1650,FORBES 3009,14,Open
8607,CHEM 122L,R,0830-1220,FORBES 3002,0,Closed
8608,CHEM 122L,R,1330-1720,FORBES 3002,0,Closed
8596,CHEM 122L,W,1300-1650,FORBES 3009,19,Open
8597,CHEM 122L,T,1330-1720,FORBES 3009,0,Closed
8598,CHEM 122L,T,1330-1720,FORBES 3002,0,Closed
8599,CHEM 122L,R,1330-1720,FORBES 3009,0,Closed
8600,CHEM 122L,M,1300-1650,FORBES 3002,11,Open
8601,CHEM 122L,M,1300-1650,FORBES 3009,11,Open
8602,CHEM 122L,T,0830-1220,FORBES 3002,8,Open
8609,CHEM 222,MWF,1000-1050,FORBES 1022,0,Closed
8610,CHEM 222,MWF,1200-1250,FORBES 2015,0,Closed
8611,CHEM 222L,T,0830-1220,FORBES 3052,2,Open
8612,CHEM 222L,W,1300-1650,FORBES 3052,0,Closed
8613,CHEM 222L,R,1800-2150,FORBES 3052,0,Closed
8614,CHEM 222L,R,1330-1720,FORBES 3052,0,Closed
8615,CHEM 222L,R,0830-1220,FORBES 3052,11,Open
8616,CHEM 222L,W,1800-2150,FORBES 3052,3,Open
8617,CHEM 222L,T,1330-1720,FORBES 3052,0,Closed
8618,CHEM 342,MWF,1000-1050,FORBES 3048,20,Open
8619,CHEM 342L,W,1330-1720,FORBES 3048,20,Open
8620,CHEM 361,MWF,1200-1250,LUTR 170,19,Open
8621,CHEM 361L,R,1330-1720,FORBES 3040,0,Closed
8622,CHEM 435,TR,1100-1215,FORBES 3048,15,Open
8623,CHEM 492,M,1300-1350,FORBES 3048,17,Open
9172,CHEM 535,TR,1100-1215,FORBES 3048,2,Open
9056,CHIN 102,MWF,1000-1050,FERG 201,8,Open
9211,CHIN 202,MWF,1100-1150,FERG 207,5,Open
9216,CLAR 132,,,ARR ,0,Closed
9217,CLAR 234,,,ARR ,0,Closed
9058,CLST 101,TR,1100-1215,MCM 357,0,Closed
9059,CLST 101,TR,1500-1615,MCM 160,0,Closed
9060,CLST 201,MWF,0900-0950,MCM 310,0,Closed
9065,CLST 211,MWF,1100-1150,MCM 164,0,Closed
9066,CLST 211,MWF,1200-1250,MCM 164,0,Closed
9061,CLST 313,MWF,1400-1450,MCM 314,0,Closed
9062,CLST 316,MWF,1000-1050,MCM 164,0,Closed
9063,CLST 413,MWF,1400-1450,MCM 314,3,Open
9064,CLST 416,MWF,1000-1050,MCM 164,0,Closed
8002,COLL 150,MW,1200-1250,MCM 262,29,Open
8003,COLL 150,MW,1400-1450,FORBES 2074,29,Open
8004,COLL 150,TR,1330-1420,LUTR 121,29,Open
8006,COLL 150,MW,1300-1350,FORBES 2070C,29,Open
9140,COLL 150,TR,1100-1150,FERG 208,0,Closed
8007,COLL 277,,,ARR ,7,Open
8008,COMM 201,TR,1630-1745,LUTR 139,0,Closed
8009,COMM 201,TR,1800-1915,LUTR 139,0,Closed
8010,COMM 201,T,1930-2215,LUTR 139,0,Closed
8011,COMM 201,W,1930-2215,LUTR 139,0,Closed
8012,COMM 201,TR,1500-1615,MCM 200B,0,Closed
8013,COMM 201,TR,1630-1745,MCM 200B,0,Closed
8014,COMM 211,MWF,1100-1150,LUTR 121,24,Open
8015,COMM 222,MWF,0900-0950,LUTR 121,34,Open
8016,COMM 232,TR,1330-1445,MCM 110,0,Closed
9282,COMM 232,TR,1500-1615,MCM 110,13,Open
8017,COMM 239,MWF,1000-1050,LUTR 131,0,Closed
8018,COMM 239,MWF,1100-1150,LUTR 131,0,Closed
8019,COMM 239,M,1930-2215,LUTR 139,3,Open
8020,COMM 239,MW,1800-1915,LUTR 137,0,Closed
8021,COMM 239,MW,1930-2045,LUTR 137,3,Open
8022,COMM 249,MWF,1400-1450,FORBES 2070C,0,Closed
8023,COMM 249,TR,1630-1745,FORBES 2070C,16,Open
8024,COMM 249,TR,0930-1045,FORBES 2014,1,Open
8025,COMM 291,,,ARR ,0,Closed
8034,COMM 302,TR,1330-1445,FORBES 3012,0,Closed
8035,COMM 302,TR,1500-1615,FORBES 3012,0,Closed
8036,COMM 303,MWF,1200-1250,LUTR 131,5,Open
8037,COMM 304,TR,1330-1445,LUTR 139,0,Closed
8038,COMM 304,TR,1500-1615,LUTR 139,10,Open
8028,COMM 305,TR,1100-1215,FORBES 2088,0,Closed
8029,COMM 305,TR,1500-1615,FORBES 2070C,7,Open
8031,COMM 311,MWF,1300-1350,LUTR 139,0,Closed
8032,COMM 311,MWF,1400-1450,LUTR 139,0,Closed
8039,COMM 315,TR,0930-1045,FORBES 3012,0,Closed
8033,COMM 321,MWF,1300-1350,LUTR 131,0,Closed
8040,COMM 322,MWF,1200-1250,FORBES 3012,0,Closed
8042,COMM 330,TR,1100-1215,TFAC 205,0,Closed
8043,COMM 357,MWF,0900-0950,LUTR 142,0,Closed
8044,COMM 357,MWF,1000-1050,LUTR 142,0,Closed
8045,COMM 357,TR,1330-1445,MCM 360,0,Closed
8046,COMM 357,W,1600-1915,LUTR 139,10,Open
8047,COMM 360,TR,0930-1045,LUTR 139,0,Closed
9163,COMM 395,MWF,1300-1350,FORBES 3014,0,Closed
9164,COMM 395,MWF,1400-1450,FORBES 3014,0,Closed
8048,COMM 405,MWF,1200-1250,LUTR 139,7,Open
8049,COMM 452,MWF,0900-0950,LUTR 139,0,Closed
8050,COMM 452,MWF,1000-1050,LUTR 139,0,Closed
8051,COMM 452,MWF,1100-1150,LUTR 139,0,Closed
8052,COMM 452,TR,1100-1215,LUTR 139,0,Closed
8053,COMM 452,TR,1100-1215,FORBES 2012,0,Closed
8054,COMM 491,,,ARR ,0,Closed
9218,COMP 132,,,ARR ,0,Closed
9219,COMP 132,,,ARR ,0,Closed
9220,COMP 232,,,ARR ,0,Closed
9221,COMP 332,,,ARR ,0,Closed
9222,COMP 432,,,ARR ,0,Closed
8780,CPEN 214,TR,1330-1445,FORBES 2070A,0,Closed
8782,CPEN 315,TR,0930-1045,LUTR 170,14,Open
8783,CPEN 315L,M,1800-2045,LUTR 206,12,Open
8784,CPEN 315L,M,1500-1745,LUTR 206,6,Open
8785,CPEN 371,MW,1300-1350,LUTR 322,0,Closed
8787,CPEN 371,MW,1500-1550,LUTR 322,0,Closed
8788,CPEN 371,MW,1600-1650,LUTR 322,0,Closed
8789,CPEN 414,TR,0800-0915,LUTR 170,14,Open
8790,CPEN 422,TR,1500-1615,LUTR 322,16,Open
9260,CPEN 497,MWF,1100-1150,LUTR 322,1,Open
8791,CPEN 498,MWF,1100-1150,LUTR 322,7,Open
8792,CPSC 110,MW,1800-1915,LUTR 258,0,Closed
8793,CPSC 110,MW,1930-2045,LUTR 258,1,Open
8794,CPSC 110,MW,2100-2215,LUTR 258,42,Open
8795,CPSC 110,MWF,1400-1450,LUTR 258,12,Open
8796,CPSC 150,MWF,0900-0950,LUTR 236,0,Closed
8797,CPSC 150,MWF,1400-1450,LUTR 236,0,Closed
8798,CPSC 150,MWF,1300-1350,LUTR 236,0,Closed
8799,CPSC 150L,T,1330-1515,LUTR 109,0,Closed
8800,CPSC 150L,W,1600-1745,FORBES 2090,0,Closed
8801,CPSC 150L,W,1930-2115,LUTR 323,0,Closed
8802,CPSC 215,MWF,1400-1450,LUTR 109,0,Closed
8803,CPSC 215,MWF,1500-1550,LUTR 109,0,Closed
8804,CPSC 215,MW,1600-1715,LUTR 109,0,Closed
8805,CPSC 215,MW,1800-1915,LUTR 109,0,Closed
8806,CPSC 215,MW,1930-2045,LUTR 109,4,Open
8807,CPSC 215,MWF,1100-1150,LUTR 105,0,Closed
8808,CPSC 216,MWF,1300-1350,LUTR 258,9,Open
8809,CPSC 216,MWF,1000-1050,LUTR 105,13,Open
8810,CPSC 250,TR,1630-1745,LUTR 236,0,Closed
8811,CPSC 250,MWF,1100-1150,LUTR 236,0,Closed
8812,CPSC 250,MW,1600-1715,LUTR 258,1,Open
8813,CPSC 250,MWF,1000-1050,LUTR 236,0,Closed
8814,CPSC 250,TR,1800-1915,LUTR 236,6,Open
8815,CPSC 250L,R,1330-1515,LUTR 109,0,Closed
8816,CPSC 250L,R,1800-1945,LUTR 109,0,Closed
8817,CPSC 250L,W,1930-2115,FORBES 2090,0,Closed
8818,CPSC 250L,R,2000-2145,LUTR 109,1,Open
8819,CPSC 250L,T,1800-1945,LUTR 258,0,Closed
8820,CPSC 255,MWF,1000-1050,LUTR 109,12,Open
8821,CPSC 255,MWF,1100-1150,LUTR 109,0,Closed
8822,CPSC 270,TR,0930-1045,LUTR 236,0,Closed
8823,CPSC 270,TR,1100-1215,LUTR 236,0,Closed
8825,CPSC 280,MWF,1000-1050,LUTR 258,0,Closed
8826,CPSC 280,MWF,0900-0950,LUTR 258,11,Open
8827,CPSC 327,TR,1500-1615,LUTR 236,0,Closed
8828,CPSC 335,MW,1800-1915,LUTR 376,0,Closed
8829,CPSC 351,TR,0930-1045,LUTR 322,9,Open
8830,CPSC 351,TR,1630-1745,LUTR 258,9,Open
8831,CPSC 360,TR,0800-0915,LUTR 236,0,Closed
8832,CPSC 410,TR,1100-1215,LUTR 258,5,Open
8833,CPSC 410,TR,0930-1045,LUTR 258,1,Open
8834,CPSC 420,MW,1600-1715,LUTR 236,0,Closed
8835,CPSC 420,MW,1800-1915,LUTR 236,14,Open
8836,CPSC 440,MWF,1500-1550,LUTR 258,0,Closed
8837,CPSC 440,MWF,1300-1350,LUTR 109,0,Closed
8838,CPSC 445,TR,1330-1445,LUTR 258,0,Closed
8839,CPSC 472,MWF,1500-1550,LUTR 170,0,Closed
9156,CPSC 495,MW,1600-1715,LUTR 142,0,Closed
8840,CPSC 498,MWF,1100-1150,MCM 162,0,Closed
8841,CPSC 502,MW,1600-1715,LUTR 142,2,Open
8842,CPSC 521,TR,0800-0915,LUTR 170,9,Open
8730,CRIM 208,MWF,1300-1350,LUTR 264,0,Closed
8731,CRIM 208,MWF,1400-1450,LUTR 264,0,Closed
8732,CRIM 331,TR,1800-1915,LUTR 264,0,Closed
8733,CRIM 338,TR,1330-1445,MCM 216,0,Closed
8734,CRIM 354,M,1800-2045,LUTR 264,0,Closed
8735,CRIM 357,TR,1630-1745,LUTR 170,0,Closed
8736,CRIM 374,TR,1500-1615,LUTR 142,0,Closed
8737,CRIM 390,TR,1100-1215,LUTR 167,0,Closed
9144,CRIM 395,MWF,0800-0850,LUTR 170,0,Closed
9145,CRIM 395,MWF,0900-0950,LUTR 170,0,Closed
9155,CRIM 395,MWF,1400-1450,FORBES 3012,0,Closed
8738,CRIM 491,,,ARR ,11,Open
8843,CYBR 198,W,1300-1350,LUTR 323,0,Closed
8844,CYBR 298,W,1300-1350,LUTR 323,4,Open
8845,CYBR 428,TR,1500-1615,LUTR 323,0,Closed
8846,CYBR 429,TR,1100-1215,LUTR 109,0,Closed
8847,CYBR 448,TR,1800-1915,LUTR 323,11,Open
9258,CYBR 495,TR,1930-2045,LUTR 323,15,Open
8848,CYBR 498,TR,1330-1445,LUTR 258,13,Open
8188,DANC 204,MW,1100-1215,FERG T177,0,Closed
8189,DANC 204,MW,1300-1415,FERG T177,0,Closed
8190,DANC 205,MW,0930-1045,FERG T177,0,Closed
8191,DANC 206,TR,0930-1045,FERG T177,0,Closed
8192,DANC 206,MW,1600-1715,FERG T177,0,Closed
8193,DANC 304,TR,1330-1445,FERG T177,0,Closed
8194,DANC 306,TR,1100-1215,FERG T177,12,Open
8195,DANC 360,TR,1500-1615,FERG T177,0,Closed
8196,DANC 381,,,ARR ,0,Closed
8197,DANC 430,MW,1430-1545,FERG T177,9,Open
8849,DATA 301,MWF,0900-0950,LUTR 323,0,Closed
9265,DTAN 300,TR,1100-1215,LUTR 170,2,Open
8055,ECON 200,MWF,0900-0950,TRIB 1210,0,Closed
8056,ECON 200,MWF,1000-1050,TRIB 1210,0,Closed
8057,ECON 200,TR,1330-1445,FORBES 2014,0,Closed
8058,ECON 200,MWF,1300-1350,TRIB 1210,0,Closed
8059,ECON 200,M,1800-2045,LUTR 142,0,Closed
8060,ECON 200,W,1800-2045,LUTR 142,0,Closed
8061,ECON 200,T,1800-2045,LUTR 170,0,Closed
8062,ECON 200,R,1800-2045,LUTR 170,0,Closed
8063,ECON 200,M,1800-2045,LUTR 170,0,Closed
8064,ECON 201,MWF,1200-1250,LUTR 121,0,Closed
8065,ECON 201,MWF,1300-1350,LUTR 347,0,Closed
8066,ECON 201,MWF,1400-1450,LUTR 347,0,Closed
8067,ECON 201,T,1800-2045,LUTR 142,0,Closed
8068,ECON 201,R,1800-2045,LUTR 142,0,Closed
8069,ECON 202,TR,1500-1615,LUTR 121,0,Closed
8070,ECON 202,MWF,1400-1450,MCM 164,0,Closed
8071,ECON 202,MW,1600-1715,LUTR 121,0,Closed
8072,ECON 202,MWF,1500-1550,MCM 164,0,Closed
8073,ECON 300,MW,1600-1715,LUTR 137,14,Open
8074,ECON 301,TR,0930-1045,FERG 201,0,Closed
8075,ECON 303,MWF,0900-0950,LUTR 269,10,Open
8076,ECON 303,MWF,1000-1050,LUTR 269,0,Closed
8077,ECON 381,TR,1100-1215,LUTR 170,0,Closed
8078,ECON 425,TR,0930-1045,LUTR 269,5,Open
8079,ECON 470,MWF,1300-1350,MCM 101,1,Open
8080,ECON 475,MWF,1100-1150,TRIB 208,0,Closed
9266,ECON 480,,,ARR ,0,Closed
8081,ECON 490,M,1800-2045,LUTR 131,0,Closed
8082,ECON 490,TR,1100-1215,LUTR 131,0,Closed
8083,ECON 490,TR,1500-1615,LUTR 131,0,Closed
8850,EENG 221,MWF,1000-1050,LUTR 206,11,Open
8851,EENG 311,TR,1330-1445,LUTR 206,7,Open
8852,EENG 311L,W,1500-1745,LUTR 206,7,Open
8853,EENG 421,TR,1100-1215,LUTR 206,11,Open
8854,EENG 461,MWF,1300-1350,LUTR 206,14,Open
9157,EENG 495,MWF,1400-1450,LUTR 206,9,Open
9261,EENG 497,MWF,1100-1150,LUTR 322,2,Open
8855,EENG 498,MWF,1100-1150,LUTR 322,6,Open
8084,ENGL 123,MWF,0900-0950,MCM 314,0,Closed
8094,ENGL 123,MWF,1200-1250,MCM 210,0,Closed
8095,ENGL 123,MWF,1000-1050,MCM 210,0,Closed
8096,ENGL 123,MWF,1000-1050,MCM 216,0,Closed
8097,ENGL 123,MWF,1100-1150,MCM 216,0,Closed
8098,ENGL 123,MWF,1000-1050,MCM 316,0,Closed
8099,ENGL 123,MWF,1300-1350,MCM 362,0,Closed
8100,ENGL 123,TR,1100-1215,MCM 212,0,Closed
8101,ENGL 123,TR,1330-1445,MCM 310,0,Closed
8085,ENGL 123,MWF,1000-1050,MCM 314,0,Closed
8103,ENGL 123,MWF,0900-0950,MCM 160,0,Closed
8104,ENGL 123,TR,1630-1745,MCM 312,0,Closed
8105,ENGL 123,TR,1800-1915,MCM 312,0,Closed
8106,ENGL 123,TR,1930-2045,MCM 312,0,Closed
9134,ENGL 123,TR,1630-1745,MCM 307,0,Closed
9185,ENGL 123,TR,1500-1615,MCM 216,0,Closed
9210,ENGL 123,MWF,1000-1050,MCM 360,0,Closed
9283,ENGL 123,TR,1500-1615,MCM 310,12,Open
9284,ENGL 123,TR,1630-1745,MCM 212,19,Open
8086,ENGL 123,TR,1100-1215,FORBES 3014,0,Closed
8089,ENGL 123,TR,1330-1445,MCM 212,0,Closed
8092,ENGL 123,TR,1100-1215,MCM 262,0,Closed
8107,ENGL 200,TR,0930-1045,MCM 260,0,Closed
8108,ENGL 201,MWF,1100-1150,MCM 316,0,Closed
8109,ENGL 202,TR,1100-1215,MCM 366,0,Closed
8110,ENGL 210,MWF,1000-1050,MCM 114,2,Open
8111,ENGL 223,TR,1330-1445,MCM 207,0,Closed
8121,ENGL 223,TR,1500-1615,MCM 262,0,Closed
8122,ENGL 223,TR,1630-1745,MCM 262,0,Closed
8123,ENGL 223,MWF,1200-1250,MCM 366,0,Closed
8124,ENGL 223,MWF,1300-1350,MCM 366,0,Closed
8125,ENGL 223,TR,1100-1215,MCM 164,0,Closed
8127,ENGL 223,TR,1100-1215,MCM 216,0,Closed
8129,ENGL 223,MWF,1300-1350,TRIB 1213,0,Closed
8130,ENGL 223,TR,0930-1045,MCM 362,0,Closed
8112,ENGL 223,TR,1500-1615,MCM 207,0,Closed
9209,ENGL 223,TR,0930-1045,MCM 316,0,Closed
9286,ENGL 223,TR,1500-1615,MCM 362,16,Open
8113,ENGL 223,MWF,1200-1250,MCM 314,0,Closed
8114,ENGL 223,MWF,1300-1350,MCM 314,0,Closed
8116,ENGL 223,MWF,1000-1050,MCM 357,0,Closed
8118,ENGL 223,MWF,1100-1150,MCM 357,0,Closed
8119,ENGL 223,TR,1500-1615,MCM 260,0,Closed
8120,ENGL 223,TR,0930-1045,MCM 366,0,Closed
8134,ENGL 304,TR,1330-1445,MCM 362,0,Closed
8135,ENGL 308,MWF,0900-0950,MCM 357,0,Closed
8136,ENGL 310,TR,0930-1045,MCM 262,10,Open
8138,ENGL 315,TR,1630-1745,MCM 216,0,Closed
8139,ENGL 316,MW,1600-1715,MCM 212,0,Closed
8140,ENGL 326,TR,0930-1045,MCM 216,0,Closed
8141,ENGL 331,TR,1330-1445,MCM 160,0,Closed
8142,ENGL 335,TR,1330-1445,MCM 114,9,Open
8143,ENGL 339,MWF,1500-1550,TRIB 1213,0,Closed
8144,ENGL 353,TR,0930-1045,MCM 314,0,Closed
8145,ENGL 353,TR,1100-1215,MCM 314,0,Closed
8146,ENGL 353,TR,1330-1445,MCM 260,0,Closed
8147,ENGL 353,MWF,1300-1350,MCM 260,0,Closed
8149,ENGL 356,M,1800-2045,MCM 164,0,Closed
8150,ENGL 423,MWF,1300-1350,MCM 216,4,Open
9178,ENGL 452,TR,0930-1045,TRIB 1210,0,Closed
8152,ENGL 462,W,1800-2045,TRIB 1213,0,Closed
8153,ENGL 489,MWF,1400-1450,MCM 262,15,Open
8154,ENGL 490,TR,1630-1745,MCM 300B,0,Closed
8155,ENGL 491,,,ARR ,0,Closed
8856,ENGR 121,TR,1100-1215,LUTR 322,0,Closed
8857,ENGR 212,MWF,0900-0950,FORBES 2070C,8,Open
8858,ENGR 212L,T,1800-2045,LUTR 206,0,Closed
8859,ENGR 212L,W,1800-2045,LUTR 206,11,Open
8860,ENGR 213,MWF,0900-0950,LUTR 322,0,Closed
8861,ENGR 213,MWF,1000-1050,LUTR 322,0,Closed
8527,ENVS 505,M,1730-2020,FORBES 2012,7,Open
8528,ENVS 525,R,1730-2020,FORBES 2012,5,Open
8529,ENVS 530,MW,1400-1515,FORBES 2051,11,Open
8628,ENVS 540,MWF,1100-1150,FORBES 2074,4,Open
8629,ENVS 540L,M,1300-1650,FORBES 1002,4,Open
8530,ENVS 555,TR,0930-1045,FORBES 2051,2,Open
8531,ENVS 555L,T,1330-1720,FORBES 2051,2,Open
9169,ENVS 699,,,ARR ,2,Open
9223,EUPH 132,,,ARR ,0,Closed
9022,FINC 300,MW,1730-1845,LUTR 123,10,Open
9023,FINC 300,MW,1600-1715,LUTR 123,0,Closed
9024,FINC 324,TR,1330-1445,LUTR 123,11,Open
9025,FINC 324,TR,1630-1745,LUTR 123,0,Closed
9026,FINC 325,TR,0930-1045,LUTR 123,0,Closed
9027,FINC 325,TR,1330-1445,FORBES 2090,2,Open
9028,FINC 424,MWF,1100-1150,FERG 201,4,Open
9029,FINC 424,MWF,1300-1350,LUTR 269,3,Open
9030,FINC 428,MWF,1000-1050,FERG 220,0,Closed
9031,FINC 428,MWF,0900-0950,FERG 220,4,Open
9032,FINC 428,TR,0800-0915,LUTR 242,0,Closed
9033,FINC 524,MW,1930-2045,LUTR 242,2,Open
9034,FINC 525,TR,1930-2045,SYN ,4,Open
9035,FINC 552,MW,1600-1715,LUTR 269,0,Closed
9036,FINC 591,TR,1630-1745,LUTR 242,2,Open
9208,FINC 595,MW,1800-1915,FORBES 2090,3,Open
9224,FLUT 132,,,ARR ,0,Closed
9225,FLUT 234,,,ARR ,0,Closed
9226,FLUT 334,,,ARR ,0,Closed
8157,FNAR 117,MW,1030-1250,TFAC 119,0,Closed
8158,FNAR 117,MW,1800-2020,TFAC 119,0,Closed
8159,FNAR 118,TR,1400-1620,TFAC 325,0,Closed
8160,FNAR 118,TR,1800-2020,TFAC 325,0,Closed
8161,FNAR 121,TR,1030-1250,TFAC 318,0,Closed
8162,FNAR 128,MW,1030-1250,TFAC 228,0,Closed
8163,FNAR 201,MWF,1000-1050,TFAC 102,0,Closed
8164,FNAR 201,TR,1100-1215,TFAC 102,0,Closed
8166,FNAR 202,MWF,1100-1150,TFAC 102,12,Open
8167,FNAR 202,MWF,1400-1450,TFAC 205,0,Closed
8168,FNAR 205,TR,1400-1620,TFAC 219,0,Closed
8169,FNAR 224,TR,0800-1020,TFAC 318,1,Open
8170,FNAR 227,TR,1400-1620,TFAC 217,0,Closed
8171,FNAR 241,TR,1800-2020,TFAC 121,0,Closed
8172,FNAR 241,TR,1400-1620,TFAC 121,0,Closed
8174,FNAR 252,MW,1400-1620,TFAC 304,0,Closed
9176,FNAR 295,W,1300-1350,TFAC 219,0,Closed
8175,FNAR 324,TR,0800-1020,TFAC 318,1,Open
8176,FNAR 327,TR,1030-1250,TFAC 217,1,Open
8177,FNAR 331,MW,1030-1250,TFAC 219,0,Closed
8178,FNAR 335,MW,0800-1020,TFAC 228,0,Closed
8179,FNAR 341,TR,1800-2020,TFAC 121,0,Closed
8180,FNAR 352,MW,1400-1620,TFAC 304,0,Closed
8181,FNAR 374,MWF,1300-1350,TFAC 205,0,Closed
8182,FNAR 378,TR,1500-1615,TFAC 102,0,Closed
8183,FNAR 403,TR,1330-1445,TFAC 205,4,Open
8184,FNAR 488,TR,1030-1250,TFAC 325,0,Closed
8185,FNAR 490,TR,0930-1045,TFAC 311,7,Open
9263,FNAR 491,,,ARR ,0,Closed
8186,FNAR 538,W,1730-2015,TFAC 325,8,Open
9067,FREN 102,MWF,0800-0850,MCM 316,0,Closed
9068,FREN 102,MWF,0900-0950,MCM 316,0,Closed
9069,FREN 200,MWF,1300-1350,MCM 212,0,Closed
9070,FREN 200,MWF,1200-1250,MCM 212,0,Closed
9072,FREN 202,MWF,1000-1050,FORBES 2088,4,Open
9073,FREN 303,MWF,1200-1250,MCM 357,9,Open
9074,FREN 352,MWF,1000-1050,MCM 257,11,Open
8739,GEOG 210,MWF,1100-1150,FORBES 2014,0,Closed
8740,GEOG 210,MWF,1200-1250,FORBES 2014,0,Closed
8741,GEOG 211,TR,0930-1045,LUTR 347,0,Closed
8742,GEOG 350,MW,1500-1715,LUTR 157,0,Closed
9159,GEOG 388,TR,1330-1445,LUTR 157,2,Open
8743,GEOG 491,,,ARR ,0,Closed
9075,GERM 102,MWF,1300-1350,MCM 262,0,Closed
9076,GERM 102,MWF,1100-1150,MCM 360,0,Closed
9077,GERM 202,MWF,0900-0950,MCM 360,3,Open
9079,GERM 352,MWF,1200-1250,MCM 216,12,Open
8911,HIST 111,MWF,1300-1350,MCM 307,0,Closed
8912,HIST 111,MWF,1400-1450,MCM 307,0,Closed
8913,HIST 111,TR,1500-1615,MCM 360,0,Closed
8914,HIST 111,TR,1630-1745,MCM 360,0,Closed
9173,HIST 111,W,1800-2100,MCM 101,3,Open
8916,HIST 112,MWF,1000-1050,MCM 366,0,Closed
8917,HIST 112,MWF,1100-1150,MCM 160,0,Closed
8918,HIST 112,MWF,1200-1250,MCM 160,0,Closed
8919,HIST 112,TR,0930-1045,MCM 307,0,Closed
8920,HIST 112,TR,1100-1215,MCM 307,0,Closed
8921,HIST 112,TR,1500-1615,MCM 162,0,Closed
8922,HIST 121,MWF,0900-0950,MCM 162,0,Closed
8923,HIST 121,MWF,1000-1050,MCM 162,0,Closed
8924,HIST 121,MWF,1000-1050,MCM 362,0,Closed
8925,HIST 121,MWF,1100-1150,MCM 362,0,Closed
8926,HIST 121,MWF,1200-1250,MCM 362,0,Closed
8927,HIST 121,MW,1800-1915,MCM 207,0,Closed
8928,HIST 122,MWF,1200-1250,MCM 360,0,Closed
8929,HIST 122,MWF,1300-1350,MCM 360,0,Closed
8930,HIST 122,TR,0930-1045,MCM 310,0,Closed
8931,HIST 122,TR,1100-1215,MCM 310,0,Closed
8933,HIST 122,TR,1630-1745,MCM 362,0,Closed
8934,HIST 212,MWF,1100-1150,MCM 366,8,Open
8935,HIST 213,TR,0930-1045,MCM 160,0,Closed
8936,HIST 213,TR,1630-1745,MCM 160,0,Closed
8937,HIST 216,TR,1330-1445,MCM 162,4,Open
8938,HIST 217,MW,1600-1715,MCM 207,0,Closed
9279,HIST 299,,,ARR ,0,Closed
8939,HIST 300,TR,1100-1215,MCM 316,3,Open
8940,HIST 300,TR,1330-1445,MCM 200C,2,Open
8941,HIST 301,TR,1100-1215,MCM 160,0,Closed
8942,HIST 320,MWF,1400-1450,MCM 362,0,Closed
8943,HIST 324,MWF,1000-1050,MCM 312,0,Closed
8944,HIST 324,MWF,1100-1150,MCM 312,0,Closed
8945,HIST 347,MWF,1300-1350,MCM 114,0,Closed
8946,HIST 348,F,1400-1700,MCM 310,7,Open
8947,HIST 352,MWF,0900-0950,MCM 366,0,Closed
8948,HIST 368,TR,1630-1745,MCM 207,0,Closed
8949,HIST 380,MW,1600-1715,MCM 366,0,Closed
8950,HIST 382,TR,1330-1445,MCM 164,0,Closed
8951,HIST 397,MWF,1400-1450,MCM 257,0,Closed
8953,HIST 446,MWF,1200-1250,MCM 114,0,Closed
8954,HIST 479,T,1800-2045,MCM 307,10,Open
8955,HIST 490,T,1800-2045,MCM 207,0,Closed
8956,HIST 490,R,1800-2045,MCM 216,0,Closed
8957,HIST 491,MWF,0800-0850,MCM 366,0,Closed
9204,HIST 495,TR,1100-1215,MCM 362,0,Closed
8958,HIST 530,M,1800-2045,MCM 366,9,Open
8328,HONR 010,,,ARR ,1,Open
8329,HONR 010,,,ARR ,21,Open
8330,HONR 010,,,ARR ,32,Open
8331,HONR 020,,,ARR ,0,Closed
8332,HONR 020,,,ARR ,19,Open
8333,HONR 020,,,ARR ,10,Open
8334,HONR 030,,,ARR ,5,Open
8335,HONR 030,,,ARR ,20,Open
8336,HONR 030,,,ARR ,27,Open
8337,HONR 040,,,ARR ,34,Open
8338,HONR 040,,,ARR ,43,Open
8339,HONR 040,,,ARR ,44,Open
8340,HONR 300,TR,1630-1745,TRIB 1210,1,Open
8341,HONR 301,MWF,1000-1050,FORBES 2014,0,Closed
8342,HONR 319,MWF,1400-1450,MCM 357,0,Closed
8343,HONR 332,MW,1800-1915,MCM 160,0,Closed
8344,HONR 338,TR,0930-1045,MCM 357,0,Closed
8345,HONR 345,TR,1500-1615,FERG 207,8,Open
8346,HONR 369,MWF,1100-1150,FORBES 3012,0,Closed
8347,HONR 381,,,ARR ,10,Open
8348,HONR 382,,,ARR ,23,Open
8349,HONR 382,,,ARR ,40,Open
8350,HONR 382,,,ARR ,37,Open
8351,HONR 383,,,ARR ,49,Open
8353,HONR 388,TR,1500-1615,MCM 314,0,Closed
8354,HONR 389,TR,1630-1745,MCM 210,0,Closed
8355,HONR 391,TR,1500-1615,TRIB 208,0,Closed
9170,HONR 393,TR,0930-1045,FORBES 2088,0,Closed
8478,HONR 397,MWF,1100-1150,MCM 210,0,Closed
9198,HONR 398,TR,0930-1045,FORBES 2012,0,Closed
8357,HONR 484,,,ARR ,0,Closed
8358,HONR 484,,,ARR ,16,Open
8359,HONR 484,,,ARR ,32,Open
8360,HONR 490,TR,1100-1215,MCM 200D,0,Closed
8361,HONR 490,MW,1600-1715,TRIB 208,3,Open
8362,HONR 490,TR,1330-1445,TRIB 208,1,Open
8363,HONR 490,MW,1600-1715,FERG 207,0,Closed
9227,HORN 234,,,ARR ,0,Closed
9093,IDST 205,MWF,1300-1350,FORBES 2014,3,Open
8132,IDST 210,TR,1630-1745,MCM 310,0,Closed
9259,IDST 210,TR,1800-1915,MCM 310,0,Closed
8959,IDST 255,TR,1330-1445,MCM 257,0,Closed
9094,IDST 255,MWF,1100-1150,MCM 257,1,Open
8133,IDST 270,MWF,1400-1450,TRIB 1213,11,Open
9135,IDST 270,MWF,1100-1150,TRIB 1213,6,Open
8187,IDST 377,TR,1800-1915,TFAC 204,5,Open
8327,IDST 480,TR,1330-1445,MCM 262,8,Open
8744,IDST 490,TR,1330-1445,TRIB 1210,0,Closed
9228,IMPR 132,,,ARR ,0,Closed
9080,ITAL 102,TR,1100-1215,TFAC 204,0,Closed
9081,ITAL 102,TR,1330-1445,MCM 357,2,Open
9082,LATN 102,MWF,1200-1250,MCM 162,0,Closed
9083,LATN 102,MWF,1300-1350,MCM 162,2,Open
9084,LATN 202,MWF,1300-1350,MCM 310,8,Open
9085,LATN 306,MWF,1100-1150,MCM 200D,11,Open
9086,LATN 406,MWF,1100-1150,MCM 200D,3,Open
8387,LDSP 240,TR,0800-0915,LUTR 137,0,Closed
8396,LDSP 240,TR,1330-1445,MCM 312,0,Closed
8397,LDSP 240,TR,1500-1615,MCM 312,0,Closed
8398,LDSP 240,TR,1630-1745,LUTR 137,0,Closed
8399,LDSP 240,TR,1800-1915,LUTR 137,0,Closed
8400,LDSP 240,MWF,0800-0850,LUTR 242,0,Closed
8401,LDSP 240,TR,0930-1045,TRIB 208,0,Closed
8388,LDSP 240,TR,0930-1045,LUTR 137,0,Closed
8389,LDSP 240,TR,1630-1745,LUTR 142,0,Closed
8390,LDSP 240,MWF,0900-0950,MCM 210,0,Closed
8391,LDSP 240,MWF,1100-1150,LUTR 347,0,Closed
8392,LDSP 240,MWF,1200-1250,TRIB 208,0,Closed
8393,LDSP 240,MWF,1300-1350,TRIB 208,2,Open
8394,LDSP 240,MWF,0900-0950,LUTR 242,0,Closed
8395,LDSP 240,TR,1100-1215,MCM 114,0,Closed
8402,LDSP 250,TR,1800-1915,LUTR 372,0,Closed
9165,LDSP 295,TR,1100-1215,TRIB 208,0,Closed
8403,LDSP 330,MWF,0900-0950,TRIB 208,0,Closed
8404,LDSP 330,MWF,1000-1050,TRIB 208,0,Closed
8405,LDSP 338,TR,0930-1045,LUTR 264,0,Closed
8406,LDSP 338,TR,1100-1215,LUTR 264,0,Closed
8407,LDSP 338,MW,1600-1715,LUTR 264,0,Closed
8408,LDSP 338,MW,1800-1915,LUTR 269,0,Closed
9281,LDSP 359,TR,1500-1615,FORBES 2012,6,Open
8409,LDSP 370,W,1800-2045,LUTR 347,0,Closed
8410,LDSP 380,MW,1600-1715,LUTR 170,0,Closed
9166,LDSP 395,TR,1500-1615,MCM 114,0,Closed
8411,LDSP 442,TR,1330-1445,MCM 364,5,Open
8412,LDSP 442,TR,1500-1615,MCM 364,1,Open
8413,LDSP 442,MWF,0900-0950,MCM 364,0,Closed
8414,LDSP 442,MWF,1000-1050,MCM 364,0,Closed
8415,LDSP 442,MWF,1200-1250,LUTR 347,0,Closed
8416,LDSP 442,MWF,1300-1350,MCM 207,0,Closed
8417,LDSP 442,MWF,1400-1450,MCM 207,0,Closed
8418,LDSP 464,MWF,1100-1150,MCM 200C,0,Closed
8420,MATH 109,TR,1100-1215,LUTR 352,7,Open
8421,MATH 109,TR,1330-1445,LUTR 352,11,Open
8422,MATH 115,MWF,0900-0950,LUTR 372,0,Closed
8423,MATH 115,MWF,1000-1050,LUTR 372,0,Closed
8424,MATH 115,TR,1330-1445,LUTR 372,0,Closed
8425,MATH 115,TR,1500-1615,LUTR 372,0,Closed
8426,MATH 120,TR,0800-0915,LUTR 264,0,Closed
8427,MATH 125,MWF,0800-0850,LUTR 372,0,Closed
8428,MATH 125,MWF,1100-1150,LUTR 372,0,Closed
8429,MATH 125,MWF,1200-1250,LUTR 372,0,Closed
8430,MATH 125,MW,1600-1715,FORBES 2070E,0,Closed
8431,MATH 125,MW,1600-1715,LUTR 372,0,Closed
8432,MATH 125,MW,1800-1915,LUTR 372,0,Closed
8433,MATH 125,TR,0930-1045,LUTR 372,0,Closed
8434,MATH 125,TR,1100-1215,LUTR 372,0,Closed
8436,MATH 127,MWF,1300-1350,LUTR 242,0,Closed
8437,MATH 128,TR,0930-1045,FERG 220,8,Open
8438,MATH 130,MWF,0800-0850,FORBES 2070D,0,Closed
8439,MATH 130,MWF,0900-0950,FORBES 2070D,0,Closed
8440,MATH 130,MWF,1200-1250,LUTR 264,0,Closed
8442,MATH 130,TR,1500-1615,LUTR 376,0,Closed
8443,MATH 130,MW,1600-1715,LUTR 376,0,Closed
8444,MATH 131,MWF,1400-1450,LUTR 376,0,Closed
8445,MATH 132,MWF,1400-1450,LUTR 242,20,Open
8446,MATH 135,MWF,1000-1050,LUTR 170,0,Closed
8447,MATH 135,MWF,1100-1150,LUTR 170,0,Closed
8448,MATH 135,TR,1330-1445,LUTR 264,0,Closed
8449,MATH 135,TR,1630-1745,LUTR 376,0,Closed
8451,MATH 140,MTWRF,0800-0850,LUTR 376,0,Closed
8452,MATH 140,MTWRF,1100-1150,LUTR 376,0,Closed
8453,MATH 140,MWF; TR,0900-0950; 0930-1020,LUTR 376; LUTR 376,0,Closed
8454,MATH 140,MWF; TR,1300-1350; 1330-1420,LUTR 376; LUTR 376,0,Closed
8455,MATH 235,MWF,1000-1050,LUTR 352,9,Open
8456,MATH 235,TR,1100-1215,LUTR 347,0,Closed
8457,MATH 240,MW; F,0800-0915; 0800-0850,FORBES 2070A; FORBES 2070A,17,Open
8458,MATH 240,MW; F,1200-1315; 1200-1250,FORBES 2070A; FORBES 2070A,5,Open
8459,MATH 240,MW; F,1400-1515; 1400-1450,FORBES 2070A; FORBES 2070A,1,Open
8460,MATH 240,TR,1500-1645,LUTR 264,13,Open
8461,MATH 245,MWF,1300-1350,FORBES 3012,14,Open
8462,MATH 247,MWF,1100-1150,FORBES 2070A,0,Closed
8463,MATH 247,TR,1330-1445,FORBES 3014,13,Open
8464,MATH 250,MWF,1200-1250,LUTR 376,1,Open
8465,MATH 260,MWF,1000-1050,LUTR 376,9,Open
8466,MATH 301,M,1300-1350,LUTR 352,2,Open
8467,MATH 303,F,1300-1350,LUTR 352,8,Open
8468,MATH 345,MWF,0900-0950,LUTR 352,8,Open
8469,MATH 347,TR,0930-1045,FERG 221,17,Open
8470,MATH 350,MWF,1400-1450,LUTR 142,12,Open
8471,MATH 360,MWF,0800-0850,LUTR 269,18,Open
8472,MATH 375,MWF,1100-1150,LUTR 352,11,Open
8473,MATH 378,TR,0930-1045,LUTR 352,14,Open
8474,MATH 435,MWF,1000-1050,FORBES 2070C,12,Open
8475,MATH 440,TR,1100-1215,FORBES 2014,18,Open
8476,MATH 451,W,1300-1350,LUTR 372,7,Open
8477,MATH 470,MWF,1200-1250,LUTR 242,14,Open
9037,MGMT 310,TR,1330-1445,LUTR 269,0,Closed
9038,MGMT 310,TR,1500-1615,LUTR 269,6,Open
9039,MGMT 355,TR,1100-1215,LUTR 123,0,Closed
9040,MGMT 355,TR,0800-0915,LUTR 105,13,Open
9041,MGMT 456,MW,1800-1915,LUTR 242,5,Open
9043,MGMT 491,MWF,1400-1450,LUTR 137,10,Open
9044,MGMT 491,MWF,0900-0950,LUTR 137,8,Open
9045,MGMT 491,MW,1600-1715,LUTR 131,17,Open
9278,MGMT 499,,,ARR ,0,Closed
9046,MKTG 310,TR,1100-1215,LUTR 142,1,Open
9047,MKTG 310,TR,0930-1045,LUTR 142,0,Closed
9048,MKTG 330,MWF,1100-1150,LUTR 269,0,Closed
9049,MKTG 330,MWF,1200-1250,LUTR 269,5,Open
9050,MKTG 420,TR,1500-1615,MCM 210,17,Open
9051,MKTG 470,TR,1630-1745,FORBES 3014,13,Open
9052,MKTG 470,TR,0930-1045,FERG 208,0,Closed
9087,MLAN 206,TR,1100-1215,MCM 162,0,Closed
9088,MLAN 308,MWF,1100-1150,MCM 212,8,Open
9089,MLAN 308,MWF,1400-1450,MCM 312,12,Open
9090,MLAN 310,MWF,1300-1350,MCM 357,4,Open
9091,MLAN 311,TR,1330-1445,FORBES 2088,16,Open
9092,MLAN 511,T,1630-1915,MCM 364,12,Open
8364,MLSC 102,TR,1100-1215,MCM 112,11,Open
8365,MLSC 102L,T,1500-1715,ARR ,11,Open
8366,MLSC 202,TR,0930-1045,MCM 112,6,Open
8367,MLSC 202L,T,1500-1715,ARR ,6,Open
8368,MLSC 302,TR,0800-0915,MCM 112,2,Open
8369,MLSC 302L,T,1500-1715,ARR ,2,Open
8370,MLSC 402,TR,1330-1445,MCM 112,5,Open
9264,MLSC 402,,,ARR ,0,Closed
8371,MLSC 402L,T,1500-1715,ARR ,4,Open
8198,MUSC 012,,,ARR ,53,Open
8199,MUSC 014,,,ARR ,0,Closed
8208,MUSC 014,,,ARR ,0,Closed
8209,MUSC 014,,,ARR ,0,Closed
8210,MUSC 014,,,ARR ,0,Closed
8211,MUSC 014,T,1230-1320,FERG R118,0,Closed
8212,MUSC 014,R,1230-1320,FERG A183,0,Closed
8213,MUSC 014,,,ARR ,0,Closed
8214,MUSC 014,,,ARR ,0,Closed
8215,MUSC 014,,,ARR ,0,Closed
8200,MUSC 014,W,1200-1250,FERG 213,0,Closed
8201,MUSC 014,,,ARR ,0,Closed
8202,MUSC 014,R,1230-1320,FERG R118,0,Closed
8203,MUSC 014,,,ARR ,0,Closed
8204,MUSC 014,,,ARR ,0,Closed
8205,MUSC 014,,,ARR ,0,Closed
8206,MUSC 014,,,ARR ,0,Closed
8207,MUSC 014,M,1200-1250,FERG R106,0,Closed
8216,MUSC 100,TR,1630-1745,FERG R118,21,Open
8217,MUSC 101,TR,1630-1820,FERG R106,20,Open
8218,MUSC 102,TR,1700-1820,FERG A183,42,Open
8219,MUSC 103,MWF,1300-1350,FERG R106,5,Open
8220,MUSC 104,MF,1200-1250,FERG 213,1,Open
8221,MUSC 104,WF,1100-1150,FERG R106,16,Open
8222,MUSC 105,MWF,1300-1430,FERG R118,0,Closed
8223,MUSC 108,MWF,1400-1450,FERG R106,10,Open
8224,MUSC 114,MW,1600-1750,FERG R106,31,Open
8225,MUSC 116,TR,1100-1215,FERG 213,0,Closed
8226,MUSC 116,TR,0930-1045,FERG 213,2,Open
8227,MUSC 122,,,ARR ,16,Open
8228,MUSC 123,W,2000-2200,FERG R106,85,Open
8229,MUSC 124,MWF,1500-1550,FERG R106,5,Open
8230,MUSC 127,,,ARR ,19,Open
8231,MUSC 136,MWF,0900-0950,FERG 210,15,Open
8232,MUSC 137,TR,1330-1445,FERG A182,6,Open
8233,MUSC 139,TR,1330-1445,FERG 213,8,Open
8234,MUSC 144,TR,1100-1215,FERG 207,2,Open
8235,MUSC 200,MWF,1100-1150,FERG 213,7,Open
8236,MUSC 205,TR,1330-1445,FERG R118,0,Closed
8237,MUSC 210,TR,0930-1045,FERG 210,1,Open
8238,MUSC 210,TR,1100-1215,FERG 210,1,Open
8239,MUSC 212,MWF,1000-1050,FERG 210,1,Open
8240,MUSC 216,TR,1500-1615,FERG 213,8,Open
8241,MUSC 230,MWF,0900-0950,FERG A183,4,Open
8242,MUSC 250,TR,0930-1045,FERG A182,19,Open
8243,MUSC 261,MWF,1500-1550,FERG A183,19,Open
8244,MUSC 266,MWF,1100-1150,FERG A183,17,Open
8245,MUSC 304,TR,0930-1045,FERG 207,7,Open
8246,MUSC 306,TR,1330-1445,FERG A183,5,Open
8247,MUSC 310,TR,1330-1445,FERG 222,13,Open
8248,MUSC 312,MWF,1100-1150,FERG 210,13,Open
8249,MUSC 315,MWF,1000-1050,FERG 213,6,Open
8250,MUSC 413,MWF,1400-1450,FERG 210,17,Open
8251,MUSC 417,TR,1330-1445,FERG 207,8,Open
8252,MUSC 490,MWF,1500-1550,FERG 210,16,Open
8253,MUSC 517,TR,1100-1215,FERG A182,17,Open
8254,MUSC 518,MW,1500-1615,FERG R118,18,Open
8630,NEUR 201,MWF,1400-1450,FORBES 2070E,23,Open
9129,NEUR 300,TR,0800-0915,FORBES 2090,0,Closed
9133,NEUR 300L,TR,1100-1215,FORBES 2090,0,Closed
9130,NEUR 301,MWF,1100-1150,FORBES 2002,7,Open
9131,NEUR 301L,M,1300-1545,FORBES 2002,7,Open
8631,NEUR 305,MWF,1000-1050,FORBES 2015,11,Open
8632,NEUR 420,TR,1330-1445,FORBES 2012,1,Open
8910,NEUR 480,MWF,1000-1050,FORBES 1033,8,Open
8633,NEUR 490,TR,1500-1615,FORBES 2088,7,Open
9171,NSCI 310,W,1700-1945,MCM 216,31,Open
8862,PCSE 572,MWF,1500-1550,LUTR 170,11,Open
9205,PCSE 595,MWF,1400-1450,MCM 110,3,Open
8863,PCSE 699,M,1200-1250,LUTR 322,12,Open
9229,PERC 132,,,ARR ,0,Closed
9230,PERC 134,,,ARR ,0,Closed
9231,PERC 332,,,ARR ,0,Closed
9232,PERC 333,,,ARR ,0,Closed
8283,PHIL 101,MW,1930-2045,MCM 160,0,Closed
8284,PHIL 101,MWF,0900-0950,MCM 216,0,Closed
8285,PHIL 201,MWF,0900-0950,MCM 212,0,Closed
8286,PHIL 201,MWF,1000-1050,MCM 212,0,Closed
8289,PHIL 202,TR,0930-1045,MCM 312,0,Closed
8290,PHIL 202,TR,1100-1215,MCM 360,0,Closed
8291,PHIL 202,TR,1330-1445,MCM 314,0,Closed
9197,PHIL 202,TR,1330-1445,LUTR 142,0,Closed
8294,PHIL 205,TR,1500-1615,MCM 101,23,Open
8295,PHIL 207,TR,0930-1045,MCM 101,0,Closed
9196,PHIL 207,MWF,1100-1150,FORBES 3014,0,Closed
9193,PHIL 207,TR,0800-0915,MCM 160,7,Open
9194,PHIL 207,MWF,0800-0850,MCM 362,14,Open
9195,PHIL 207,MWF,1200-1250,FORBES 3014,0,Closed
8301,PHIL 306,TR,1630-1745,MCM 314,0,Closed
8302,PHIL 308,TR,1100-1215,TRIB 1213,7,Open
8303,PHIL 312,MWF,1400-1450,MCM 366,0,Closed
8304,PHIL 315,MWF,1100-1150,MCM 200B,4,Open
8306,PHIL 326,TR,1100-1215,MCM 312,0,Closed
8307,PHIL 337,TR,0930-1045,TRIB 1213,0,Closed
8308,PHIL 348,MWF,1000-1050,MCM 200B,14,Open
9191,PHIL 384,TR,0800-0915,MCM 162,0,Closed
8309,PHIL 451,TR,1630-1745,MCM 366,8,Open
8310,PHIL 490,MWF,1300-1350,MCM 200D,13,Open
8864,PHYS 105L,R,1800-2045,SYN ,12,Open
8865,PHYS 105L,W,1800-2045,SYN ,6,Open
8866,PHYS 141,TR,1500-1615,FORBES 2015,0,Closed
9152,PHYS 144,TR,1800-1915,FORBES 2070D,0,Closed
8868,PHYS 151,TR,1100-1215,FORBES 2070C,0,Closed
8869,PHYS 151L,M,1800-2045,SYN ,3,Open
8870,PHYS 152,MW,1800-1915,LUTR 121,25,Open
8871,PHYS 152,TR,0930-1045,LUTR 121,24,Open
8872,PHYS 152L,W,1300-1545,LUTR 306,0,Closed
8873,PHYS 152L,W,1800-2045,LUTR 306,8,Open
8874,PHYS 152L,R,1800-2045,LUTR 306,0,Closed
8875,PHYS 152L,T,1800-2045,LUTR 306,0,Closed
8876,PHYS 152L,W,0900-1145,LUTR 306,23,Open
8877,PHYS 201,MWF,1000-1050,FORBES 3014,0,Closed
8878,PHYS 201L,M,1800-2045,LUTR 306,0,Closed
8879,PHYS 202,TR,0800-0915,LUTR 322,7,Open
8880,PHYS 202,TR,1330-1445,LUTR 322,0,Closed
8881,PHYS 202,TR,1500-1615,LUTR 258,3,Open
8882,PHYS 202L,R,0930-1215,LUTR 310,6,Open
8883,PHYS 202L,R,1800-2045,LUTR 310,1,Open
8884,PHYS 202L,W,1800-2045,LUTR 310,0,Closed
8885,PHYS 301,TR,1330-1445,LUTR 323,18,Open
8886,PHYS 340,TR,0930-1045,LUTR 323,14,Open
8887,PHYS 402,TR,1330-1445,LUTR 310,22,Open
8888,PHYS 406,MWF,1000-1050,LUTR 137,21,Open
8889,PHYS 431,MWF,1300-1350,LUTR 142,19,Open
8890,PHYS 498,MW,1800-1915,LUTR 322,3,Open
8891,PHYS 502,TR,1330-1445,LUTR 310,3,Open
8892,PHYS 506,MWF,1000-1050,LUTR 137,2,Open
8893,PHYS 521,TR,0800-0915,LUTR 170,5,Open
8894,PHYS 531,MWF,1300-1350,LUTR 142,3,Open
9234,PIAN 132,,,ARR ,0,Closed
9235,PIAN 232,,,ARR ,0,Closed
9236,PIAN 333,,,ARR ,0,Closed
9237,PIAN 434,,,ARR ,0,Closed
8624,PMED 010,TR,1230-1320,FORBES 1022,4,Open
8625,PMED 020,TR,1230-1320,FORBES 1022,4,Open
8626,PMED 030,TR,1230-1320,FORBES 1022,22,Open
8627,PMED 040,TR,1230-1320,FORBES 1022,18,Open
8690,POLS 100,TR,0930-1045,MCM 212,0,Closed
8691,POLS 100,TR,1330-1445,MCM 316,0,Closed
8692,POLS 101,MWF,1100-1150,MCM 101,0,Closed
8693,POLS 101,MW,1600-1715,MCM 160,0,Closed
8694,POLS 202,R,1800-2045,MCM 316,2,Open
8695,POLS 215,MWF,1100-1150,MCM 307,9,Open
8696,POLS 215,MWF,1000-1050,MCM 307,0,Closed
8697,POLS 215,TR,1630-1745,MCM 164,3,Open
8698,POLS 215,T,1800-2045,MCM 210,2,Open
8699,POLS 240,MW,1600-1715,MCM 162,0,Closed
8700,POLS 315,TR,0930-1045,MCM 114,0,Closed
8701,POLS 316,MWF,1300-1350,MCM 364,0,Closed
8702,POLS 316,MWF,1400-1450,MCM 364,0,Closed
8703,POLS 320,MWF,1000-1050,MCM 160,0,Closed
8704,POLS 322,MWF,1400-1450,MCM 360,3,Open
8705,POLS 333,TR,0930-1045,MCM 207,2,Open
8706,POLS 333,TR,1100-1215,MCM 207,0,Closed
8707,POLS 335,MWF,1100-1150,MCM 314,0,Closed
8708,POLS 338,TR,1100-1215,MCM 257,0,Closed
8709,POLS 340,TR,1330-1445,LUTR 131,0,Closed
8711,POLS 352,TR,0930-1045,MCM 110,5,Open
8712,POLS 352,TR,1100-1215,MCM 110,1,Open
8713,POLS 353,TR,1100-1215,MCM 200C,1,Open
8714,POLS 353,TR,1500-1615,MCM 316,6,Open
8715,POLS 371,W,1600-1845,MCM 210,3,Open
8716,POLS 380,TR,1330-1445,FERG 208,0,Closed
8717,POLS 380,TR,1500-1615,FERG 208,1,Open
9147,POLS 395,TR,1630-1745,MCM 110,0,Closed
8718,POLS 410,MWF,1300-1350,MCM 164,0,Closed
8719,POLS 454,TR,1500-1615,MCM 357,11,Open
8720,POLS 490,TR,1330-1445,MCM 200D,1,Open
8721,POLS 490,TR,1630-1745,MCM 316,0,Closed
8722,POLS 490,MWF,1200-1250,MCM 307,0,Closed
8723,POLS 491,,,ARR ,9,Open
8634,PSYC 201,MWF,1300-1350,FORBES 1022,0,Closed
8635,PSYC 201,TR,0930-1045,FORBES 1022,0,Closed
8636,PSYC 202,TR,1330-1445,FORBES 1022,47,Open
8637,PSYC 202,MWF,1400-1450,FORBES 1022,0,Closed
8638,PSYC 207,TR,1630-1745,FORBES 2070D,27,Open
8639,PSYC 207,TR,1500-1615,FORBES 2070D,7,Open
8640,PSYC 208,W,1800-2045,FORBES 2015,39,Open
8641,PSYC 208,TR,1330-1445,FORBES 2070E,0,Closed
8642,PSYC 208,TR,1500-1615,FORBES 2070E,15,Open
8643,PSYC 300,MWF,0800-0850,FORBES 2090,12,Open
8644,PSYC 300,MWF,0900-0950,FORBES 2090,0,Closed
8645,PSYC 300,MWF,1500-1550,FORBES 2090,23,Open
8646,PSYC 301,TR,1100-1215,FORBES 2009,1,Open
8647,PSYC 301,MWF,0900-0950,FORBES 2002,0,Closed
8648,PSYC 301,MWF,1000-1050,FORBES 2090,0,Closed
8649,PSYC 301,MWF,1300-1350,FORBES 2090,0,Closed
8650,PSYC 301L,TR,1330-1445,FORBES 2009,1,Open
8651,PSYC 301L,MWF,1000-1050,FORBES 2002,0,Closed
8652,PSYC 301L,MWF,1100-1150,FORBES 2090,0,Closed
8653,PSYC 301L,MWF,1400-1450,FORBES 2090,0,Closed
8654,PSYC 304,MWF,0900-0950,FORBES 2015,0,Closed
8655,PSYC 304,MWF,1100-1150,MCM 262,0,Closed
8656,PSYC 305,MWF,1000-1050,FORBES 2070A,0,Closed
8657,PSYC 306,MWF,0900-0950,FORBES 2074,37,Open
8658,PSYC 306,MWF,1000-1050,FORBES 2074,32,Open
9137,PSYC 309,TR,1500-1615,FORBES 2074,6,Open
8660,PSYC 312,TR,1630-1745,FORBES 2074,23,Open
8661,PSYC 314,TR,1100-1215,FORBES 2070A,0,Closed
8662,PSYC 314,TR,1330-1445,FORBES 2015,0,Closed
8663,PSYC 315,TR,0930-1045,FORBES 2074,0,Closed
8664,PSYC 315,TR,1100-1215,FORBES 2074,0,Closed
9138,PSYC 317,TR,0930-1045,FORBES 2070A,0,Closed
8666,PSYC 336,M,1800-2045,FORBES 2070E,0,Closed
8667,PSYC 350,TR,0800-0915,FORBES 2015,0,Closed
8668,PSYC 360,TR,1330-1445,FORBES 2070C,10,Open
9206,PSYC 395,MWF,1300-1350,MCM 160,23,Open
9149,PSYC 395L,TR,1100-1215,FORBES 2090,7,Open
8669,PSYC 405,MWF,0800-0850,FORBES 2009,0,Closed
8683,PSYC 405L,MWF,0900-0950,FORBES 2009,0,Closed
8670,PSYC 406,TR,1330-1445,FORBES 2002,0,Closed
8684,PSYC 406L,TR,1500-1615,FORBES 2002,0,Closed
8671,PSYC 408,MWF,1300-1350,FORBES 2070E,0,Closed
8685,PSYC 408L,M,1400-1645,FORBES 2009,0,Closed
8686,PSYC 408L,W,1400-1645,FORBES 2009,0,Closed
8672,PSYC 409,W,1800-2045,FORBES 2070E,1,Open
8687,PSYC 409L,TR,1800-1915,FORBES 2088,0,Closed
8688,PSYC 409L,TR,1630-1745,FORBES 2088,0,Closed
8673,PSYC 420,TR,1330-1445,FORBES 2070D,12,Open
8674,PSYC 430,TR,0930-1045,FORBES 2002,0,Closed
8689,PSYC 430L,TR,1100-1215,FORBES 2002,0,Closed
8675,PSYC 490,MWF,1400-1450,FORBES 2014,0,Closed
8676,PSYC 490,MWF,1300-1350,FORBES 2009,0,Closed
8677,PSYC 490,TR,0930-1045,FORBES 2009,0,Closed
8678,PSYC 490,MW,1600-1715,FORBES 2088,4,Open
8679,PSYC 491,MWF,1200-1250,FORBES 2012,1,Open
9150,PSYC 495,TR,1500-1615,FORBES 2014,0,Closed
9151,PSYC 495L,TR,1630-1745,FORBES 2015,0,Closed
9275,PSYC 499,,,ARR ,0,Closed
8681,PSYC 535,R,1630-1915,FORBES 2070E,5,Open
8682,PSYC 544,T,1630-1915,FORBES 2012,0,Closed
8311,RSTD 211,TR,1500-1615,MCM 257,0,Closed
9189,RSTD 211,MWF,0900-0950,MCM 362,0,Closed
9190,RSTD 211,TR,1630-1745,MCM 162,0,Closed
9192,RSTD 211,MWF,1200-1250,MCM 207,0,Closed
8313,RSTD 212,MW,1930-2045,MCM 314,0,Closed
8314,RSTD 212,MW,1800-1915,MCM 314,0,Closed
8317,RSTD 212,MWF,1200-1250,MCM 310,0,Closed
9188,RSTD 212,MWF,1100-1150,MCM 207,0,Closed
9200,RSTD 212,MW,1600-1715,MCM 314,0,Closed
8318,RSTD 232,MW,1600-1715,MCM 364,0,Closed
9186,RSTD 232,TR,1500-1615,MCM 307,0,Closed
9187,RSTD 232,TR,1330-1445,MCM 200B,0,Closed
8320,RSTD 270,MWF,1000-1050,MCM 200C,2,Open
8321,RSTD 312,TR,1100-1215,MCM 200B,2,Open
8323,RSTD 326,W,1800-2045,MCM 357,4,Open
9148,RSTD 395,W,1800-2045,MCM 114,5,Open
9201,RSTD 491,,,ARR ,0,Closed
9238,SAXO 132,,,ARR ,0,Closed
9239,SAXO 134,,,ARR ,0,Closed
9240,SAXO 233,,,ARR ,0,Closed
9241,SAXO 234,,,ARR ,0,Closed
8745,SOCL 201,TR,1100-1215,LUTR 121,0,Closed
8746,SOCL 205,TR,1100-1215,FORBES 3012,0,Closed
8747,SOCL 205,TR,1500-1615,FORBES 2070A,0,Closed
8748,SOCL 304,MW,1600-1715,LUTR 167,0,Closed
8749,SOCL 304,MW,1800-1915,LUTR 167,0,Closed
8750,SOCL 306,MWF,0900-0950,FORBES 2015,19,Open
8751,SOCL 306,MWF,1100-1150,MCM 262,5,Open
8752,SOCL 314,TR,1100-1215,FERG 201,3,Open
9274,SOCL 314,TR,1500-1615,TRIB 1210,3,Open
8753,SOCL 314L,W,1500-1615,LUTR 242,8,Open
8756,SOCL 316,TR,1630-1745,LUTR 167,0,Closed
8758,SOCL 331,TR,1800-1915,LUTR 264,0,Closed
8759,SOCL 340,MWF,0900-0950,LUTR 157,2,Open
8760,SOCL 340,MWF,1000-1050,LUTR 157,0,Closed
8761,SOCL 374,TR,1500-1615,LUTR 142,0,Closed
8764,SOCL 390,MWF,1100-1150,FORBES 2088,8,Open
9153,SOCL 395,MWF,0800-0850,LUTR 170,0,Closed
9154,SOCL 395,MWF,0900-0950,LUTR 170,0,Closed
8765,SOCL 470,TR,1500-1615,LUTR 167,3,Open
8766,SOCL 470,TR,0930-1045,LUTR 167,0,Closed
8767,SOCL 490,TR,0930-1045,LUTR 157,0,Closed
8768,SOCL 490,TR,0930-1045,LUTR 131,0,Closed
8769,SOCL 491,,,ARR ,0,Closed
8770,SOWK 201,TR,1100-1215,LUTR 269,0,Closed
8772,SOWK 211,TR,1330-1445,FORBES 2074,10,Open
8773,SOWK 302,TR,0930-1045,FORBES 3014,3,Open
8774,SOWK 303,TR,1800-1915,LUTR 376,3,Open
8775,SOWK 366,TR,0800-0915,LUTR 142,3,Open
8776,SOWK 402,M,1200-1350,MCM 200B,2,Open
8777,SOWK 402,W,1200-1350,MCM 200B,0,Closed
8778,SOWK 402,W,1200-1350,MCM 200C,1,Open
8779,SOWK 498,M,1800-2045,LUTR 157,3,Open
9095,SPAN 101,MWF,1300-1350,MCM 316,0,Closed
9096,SPAN 101,MWF,1400-1450,MCM 316,0,Closed
9097,SPAN 101,MWF,1100-1150,TFAC 204,0,Closed
9098,SPAN 102,MWF,1000-1050,MCM 262,0,Closed
9099,SPAN 102,MWF,0800-0850,MCM 257,0,Closed
9100,SPAN 102,MWF,0900-0950,MCM 257,0,Closed
9101,SPAN 102,MWF,1100-1150,MCM 364,0,Closed
9102,SPAN 102,MWF,1200-1250,MCM 364,0,Closed
9103,SPAN 200,MWF,0800-0850,MCM 207,0,Closed
9114,SPAN 200,TR,0930-1045,MCM 257,0,Closed
9115,SPAN 200,TR,1630-1745,MCM 260,0,Closed
9116,SPAN 200,TR,1800-1915,MCM 160,0,Closed
9117,SPAN 200,MW,1800-1915,MCM 162,0,Closed
9104,SPAN 200,MWF,0900-0950,MCM 207,0,Closed
9105,SPAN 200,MWF,1000-1050,MCM 207,0,Closed
9106,SPAN 200,TR,1100-1215,MCM 364,0,Closed
9107,SPAN 200,TR,1100-1215,MCM 260,0,Closed
9108,SPAN 200,TR,1330-1445,FERG 221,0,Closed
9109,SPAN 200,TR,1330-1445,MCM 307,0,Closed
9111,SPAN 200,TR,1500-1615,MCM 212,0,Closed
9118,SPAN 201,MWF,1200-1250,MCM 316,0,Closed
9119,SPAN 202,MWF,1100-1150,MCM 260,0,Closed
9120,SPAN 202,MWF,1300-1350,MCM 210,1,Open
9121,SPAN 301,TR,0930-1045,MCM 364,9,Open
9122,SPAN 302,MWF,0900-0950,MCM 262,2,Open
9123,SPAN 303,MWF,1200-1250,TRIB 1213,9,Open
9125,SPAN 340,TR,1330-1445,FERG 220,9,Open
9126,SPAN 352,TR,0930-1045,MCM 162,10,Open
9127,SPAN 472,MWF,1000-1050,MCM 260,11,Open
8895,TCHG 510,MTWRF,0800-1550,ARR ,0,Closed
8904,TCHG 510,MTWRF,0800-1550,ARR ,0,Closed
8896,TCHG 510,MTWRF,0800-1550,ARR ,0,Closed
8897,TCHG 510,MTWRF,0800-1550,ARR ,0,Closed
8898,TCHG 510,MTWRF,0800-1550,ARR ,0,Closed
8899,TCHG 510,MTWRF,0800-1550,ARR ,0,Closed
8900,TCHG 510,MTWRF,0800-1550,ARR ,0,Closed
8901,TCHG 510,MTWRF,0800-1550,ARR ,0,Closed
8902,TCHG 510,MTWRF,0800-1550,ARR ,0,Closed
8903,TCHG 510,MTWRF,0800-1550,ARR ,1,Open
9181,TCHG 511,,,ARR ,0,Closed
9183,TCHG 511,,,ARR ,0,Closed
9179,TCHG 511,,,ARR ,0,Closed
9182,TCHG 512,,,ARR ,0,Closed
9184,TCHG 512,,,ARR ,0,Closed
9180,TCHG 512,,,ARR ,0,Closed
8905,TCHG 580,MW,1600-1900,MCM 300B,2,Open
8906,TCHG 580,T,1600-1900,MCM 200C,4,Open
8907,TCHG 580,MW,1700-2000,MCM 316,3,Open
8255,THEA 130,,,ARR ,0,Closed
8256,THEA 130,,,ARR ,0,Closed
8257,THEA 130,,,ARR ,0,Closed
8263,THEA 232,MW,1600-1715,FERG T107,0,Closed
8264,THEA 232,TR,1630-1745,FERG T107,0,Closed
8265,THEA 250,TR,1100-1215,FERG 220,0,Closed
8266,THEA 250L,,,ARR ,2,Open
8267,THEA 250L,,,ARR ,19,Open
8268,THEA 252,MW,1100-1215,FERG 222,0,Closed
9162,THEA 258,MW,0930-1045,FERG 222,0,Closed
8269,THEA 311,MW,1330-1445,FERG 221,0,Closed
8270,THEA 332,MW,1300-1415,FERG T107,5,Open
8262,THEA 333,MW,1430-1545,FERG T107,5,Open
8271,THEA 336,TR,1100-1215,FERG T107,6,Open
8279,THEA 338,MW,1100-1215,FERG T107,0,Closed
8273,THEA 351,TR,0930-1045,FERG 223,5,Open
8272,THEA 354,TR,1500-1615,FERG 222,14,Open
8274,THEA 359,TR,1100-1215,FERG 222,11,Open
8275,THEA 380,,,ARR ,0,Closed
8276,THEA 380,MTWRF,1900-2300,FERG T107,0,Closed
8277,THEA 381,,,ARR ,0,Closed
8278,THEA 430,TR,1330-1445,FERG T107,8,Open
8281,THEA 491,,,ARR ,0,Closed
8282,THEA 498,,,ARR ,6,Open
9242,TRMB 132,,,ARR ,0,Closed
9243,TRPT 130,,,ARR ,0,Closed
9244,TRPT 132,,,ARR ,0,Closed
9245,TRPT 134,,,ARR ,0,Closed
9246,TUBA 132,,,ARR ,0,Closed
9247,TUBA 134,,,ARR ,0,Closed
9248,VIOL 334,,,ARR ,0,Closed
9249,VOIC 131,,,ARR ,0,Closed
9250,VOIC 134,,,ARR ,0,Closed
9251,VOIC 232,,,ARR ,0,Closed
9252,VOIC 332,,,ARR ,0,Closed
9253,VOIC 332,,,ARR ,0,Closed
9254,VOIC 431,,,ARR ,0,Closed
9255,VOIC 432,,,ARR ,0,Closed
9256,VOIC 434,,,ARR ,0,Closed
9269,VOLA 130,,,ARR ,0,Closed
9257,VOLA 332,,,ARR ,0,Closed
